﻿<?xml version="1.0" encoding="utf-8"?>
<deployment>
  <id>0f19f9c817a946fe8633946d4476159a</id>
  <author>N/A</author>
  <deployer>ZipDeploy</deployer>
  <authorEmail>N/A</authorEmail>
  <message>Created via a push deployment</message>
  <progress></progress>
  <status>Success</status>
  <statusText></statusText>
  <lastSuccessEndTime>2025-09-21T17:55:12.2770332Z</lastSuccessEndTime>
  <receivedTime>2025-09-21T17:55:11.9801303Z</receivedTime>
  <startTime>2025-09-21T17:55:12.0738895Z</startTime>
  <endTime>2025-09-21T17:55:12.2770332Z</endTime>
  <complete>True</complete>
  <is_temp>False</is_temp>
  <is_readonly>True</is_readonly>
  <project_type>Run-From-Zip</project_type>
  <vsproject_id></vsproject_id>
</deployment>