﻿<?xml version="1.0" encoding="utf-8"?>
<deployment>
  <id>39cf771c1ccf483cba8ea6d5be4aba82</id>
  <author>N/A</author>
  <deployer>ZipDeploy</deployer>
  <authorEmail>N/A</authorEmail>
  <message>Created via a push deployment</message>
  <progress></progress>
  <status>Success</status>
  <statusText></statusText>
  <lastSuccessEndTime>2025-09-21T17:57:33.1460467Z</lastSuccessEndTime>
  <receivedTime>2025-09-21T17:57:32.8492622Z</receivedTime>
  <startTime>2025-09-21T17:57:32.9429785Z</startTime>
  <endTime>2025-09-21T17:57:33.1460467Z</endTime>
  <complete>True</complete>
  <is_temp>False</is_temp>
  <is_readonly>True</is_readonly>
  <project_type>Run-From-Zip</project_type>
  <vsproject_id></vsproject_id>
</deployment>