﻿<?xml version="1.0" encoding="utf-8"?>
<deployment>
  <id>269733d8cef546ea8a5f2e3583f88c95</id>
  <author>N/A</author>
  <deployer>ZipDeploy</deployer>
  <authorEmail>N/A</authorEmail>
  <message>Created via a push deployment</message>
  <progress></progress>
  <status>Success</status>
  <statusText></statusText>
  <lastSuccessEndTime>2025-09-21T18:20:09.2949542Z</lastSuccessEndTime>
  <receivedTime>2025-09-21T18:17:02.9078786Z</receivedTime>
  <startTime>2025-09-21T18:17:03.0641457Z</startTime>
  <endTime>2025-09-21T18:20:09.2949542Z</endTime>
  <complete>True</complete>
  <is_temp>False</is_temp>
  <is_readonly>True</is_readonly>
  <project_type>NODE.JS</project_type>
  <vsproject_id></vsproject_id>
</deployment>