{"TimeStamp":"2025-09-21T17:55:12Z","SiteName":"app-play-et-trivia-toronto-hub-dev","RequestId":"6dbd1c0a-11e8-ff23-94e6-c9dddb2a5585","Kind":"ZipDeploy","Status":"Success","Details":"{\"Id\":\"0f19f9c817a946fe8633946d4476159a\",\"Status\":4,\"StatusText\":\"\",\"AuthorEmail\":\"N/A\",\"Author\":\"N/A\",\"Message\":\"Created via a push deployment\",\"Progress\":\"\",\"Deployer\":\"ZipDeploy\",\"ReceivedTime\":\"2025-09-21T17:55:11.9801303Z\",\"StartTime\":\"2025-09-21T17:55:12.0738895Z\",\"EndTime\":\"2025-09-21T17:55:12.2770332Z\",\"LastSuccessEndTime\":\"2025-09-21T17:55:12.2770332Z\",\"Complete\":true,\"IsTemporary\":false,\"IsReadOnly\":true,\"SiteName\":\"app-play-et-trivia-toronto-hub-dev\",\"HostName\":\"app-play-et-trivia-toronto-hub-dev.scm.azurewebsites.net\",\"ProjectType\":\"Run-From-Zip\",\"VsProjectId\":null}"}