﻿<?xml version="1.0" encoding="utf-8"?>
<deployment>
  <id>b03affd5f2c24abda21d6d0aebe0f167</id>
  <author>N/A</author>
  <deployer>ZipDeploy</deployer>
  <authorEmail>N/A</authorEmail>
  <message>Created via a push deployment</message>
  <progress></progress>
  <status>Success</status>
  <statusText></statusText>
  <lastSuccessEndTime>2025-09-21T18:31:43.5278712Z</lastSuccessEndTime>
  <receivedTime>2025-09-21T18:31:33.6673698Z</receivedTime>
  <startTime>2025-09-21T18:31:33.8080118Z</startTime>
  <endTime>2025-09-21T18:31:43.5278712Z</endTime>
  <complete>True</complete>
  <is_temp>False</is_temp>
  <is_readonly>True</is_readonly>
  <project_type>NODE.JS</project_type>
  <vsproject_id></vsproject_id>
</deployment>