{"TimeStamp":"2025-09-21T18:31:43Z","SiteName":"app-play-et-trivia-toronto-hub-dev","RequestId":"ceba3a14-7caa-899f-5573-d11c95848776","Kind":"ZipDeploy","Status":"Success","Details":"{\"Id\":\"b03affd5f2c24abda21d6d0aebe0f167\",\"Status\":4,\"StatusText\":\"\",\"AuthorEmail\":\"N/A\",\"Author\":\"N/A\",\"Message\":\"Created via a push deployment\",\"Progress\":\"\",\"Deployer\":\"ZipDeploy\",\"ReceivedTime\":\"2025-09-21T18:31:33.6673698Z\",\"StartTime\":\"2025-09-21T18:31:33.8080118Z\",\"EndTime\":\"2025-09-21T18:31:43.5278712Z\",\"LastSuccessEndTime\":\"2025-09-21T18:31:43.5278712Z\",\"Complete\":true,\"IsTemporary\":false,\"IsReadOnly\":true,\"SiteName\":\"app-play-et-trivia-toronto-hub-dev\",\"HostName\":\"app-play-et-trivia-toronto-hub-dev.scm.azurewebsites.net\",\"ProjectType\":\"NODE.JS\",\"VsProjectId\":null}"}