<step title="Incoming Request" date="2025-09-21T17:40:49.334" instance="ae54c9" url="/api/zipdeploy?isAsync=true" method="POST" type="request" pid="5144,2,8" Content-Length="425109" Content-Type="application/octet-stream" Accept="application/json" Accept-Encoding="gzip" Authorization="Bea..." Host="app-play-et-trivia-toronto-hub-dev.scm.azurewebsites.net" User-Agent="azsdk-go-zip-deploy/1.0.0 (go1.25.0 X:loopvar; Windows_NT),azdev/1.19.0 (Go go1.25.0 X:loopvar; windows/amd64)" x-ms-correlation-request-id="24926ad33c9c3a6e2d3cef035218f53d" X-ARR-LOG-ID="24926ad3-3c9c-3a6e-2d3c-ef035218f53d" CLIENT-IP="174.91.160.78:51217" X-SITE-DEPLOYMENT-ID="app-play-et-trivia-toronto-hub-dev" WAS-DEFAULT-HOSTNAME="app-play-et-trivia-toronto-hub-dev.scm.azurewebsites.net" X-Forwarded-Proto="https" X-AppService-Proto="https" X-Forwarded-TlsVersion="1.3" X-WAWS-Unencoded-URL="/api/zipdeploy?isAsync=true" >
  <step title="Cleanup Xml Logs" date="2025-09-21T17:40:49.334" /><!-- duration: 11ms -->
  <step title="ZipPushDeploy" date="2025-09-21T17:40:49.407" >
    <step title="ZipDeploy. Extract zip. Remote build. " date="2025-09-21T17:40:49.470" /><!-- duration: 0ms -->
    <step title="Starting PushDeployAsync" date="2025-09-21T17:40:49.470" /><!-- duration: 0ms -->
    <step title="Updating shutdown sentinel last write time" date="2025-09-21T17:40:49.548" SemaphoreCount="7" /><!-- duration: 0ms -->
    <step title="LockFile &apos;C:\home\site\locks\deployments.lock&apos; acquired" date="2025-09-21T17:40:49.563" /><!-- duration: 0ms -->
    <step title="Saving request content to C:\local\Temp\zipdeploy\our1mc44.zip" date="2025-09-21T17:40:49.563" >
      <step title="Total 425,109 bytes written to C:\local\Temp\zipdeploy\our1mc44.zip" date="2025-09-21T17:40:49.610" /><!-- duration: 0ms -->
    </step><!-- duration: 63ms -->
    <step title="LockFile &apos;C:\home\site\locks\deployments.lock&apos; released" date="2025-09-21T17:40:49.626" /><!-- duration: 0ms -->
    <step title="Deleting shutdown sentinel file" date="2025-09-21T17:40:49.642" SemaphoreCount="8" /><!-- duration: 0ms -->
    <step title="Starting FetchDeploy" date="2025-09-21T17:40:49.642" /><!-- duration: 16ms -->
    <step title="Start deployment in the background" date="2025-09-21T17:40:49.657" /><!-- duration: 78ms -->
  </step><!-- duration: 328ms -->
  <step title="Starting LocalZipFetch" date="2025-09-21T17:40:49.829" /><!-- duration: 0ms -->
  <step title="Outgoing response" date="2025-09-21T17:40:51.709" type="response" statusCode="202" statusText="Accepted" Server="Microsoft-IIS/10.0" x-ms-request-id="24926ad3-3c9c-3a6e-2d3c-ef035218f53d" Retry-After="30" Cache-Control="private" X-AspNet-Version="4.0.30319" Location="https://app-play-et-trivia-toronto-hub-dev.scm.azurewebsites.net/api/deployments/latest?deployer=ZipDeploy&amp;time=2025-09-21_17-40-49Z" /><!-- duration: 0ms -->
</step><!-- duration: 2375ms -->
