<step title="BackgroundTrace" date="2025-09-21T17:55:11.730" instance="ae54c9" url="/api/zipdeploy" method="POST" >
  <step title="Updating shutdown sentinel last write time" date="2025-09-21T17:55:11.745" SemaphoreCount="7" /><!-- duration: 0ms -->
  <step title="LockFile &apos;C:\home\site\locks\deployments.lock&apos; acquired" date="2025-09-21T17:55:11.761" /><!-- duration: 0ms -->
  <step title="Creating temporary deployment" date="2025-09-21T17:55:11.761" /><!-- duration: 47ms -->
  <step title="Performing fetch based deployment" date="2025-09-21T17:55:11.823" >
    <step title="Fetching changes." date="2025-09-21T17:55:11.870" /><!-- duration: 16ms -->
    <step title="Starting LocalZipHandler" date="2025-09-21T17:55:11.886" /><!-- duration: 16ms -->
    <step title="Starting ExtractTriggers" date="2025-09-21T17:55:11.917" /><!-- duration: 16ms -->
    <step title="Before sending BuildRequestReceived status to /api/updatedeploystatus" date="2025-09-21T17:55:11.948" /><!-- duration: 0ms -->
    <step title="DeploymentManager.Deploy(id:0f19f9c817a946fe8633946d4476159a)" date="2025-09-21T17:55:11.964" >
      <step title="Collecting changeset information" date="2025-09-21T17:55:11.964" /><!-- duration: 31ms -->
      <step title="Updating submodules" date="2025-09-21T17:55:11.995" >
        <step title="Updating submodules." date="2025-09-21T17:55:12.011" /><!-- duration: 16ms -->
      </step><!-- duration: 31ms -->
      <step title="Preparing deployment for commit id &apos;0f19f9c817&apos;." date="2025-09-21T17:55:12.058" /><!-- duration: 0ms -->
      <step title="Determining deployment builder" date="2025-09-21T17:55:12.073" >
        <step title="Builder is RunFromZipSiteBuilder" date="2025-09-21T17:55:12.089" /><!-- duration: 0ms -->
      </step><!-- duration: 16ms -->
      <step title="Copying SSH keys" date="2025-09-21T17:55:12.105" /><!-- duration: 0ms -->
      <step title="Building" date="2025-09-21T17:55:12.105" >
        <step title="Skipping build. Project type: Run-From-Zip" date="2025-09-21T17:55:12.152" /><!-- duration: 0ms -->
        <step title="Skipping post build. Project type: Run-From-Zip" date="2025-09-21T17:55:12.183" /><!-- duration: 0ms -->
        <step title="Triggering recycle (preview mode disabled)." date="2025-09-21T17:55:12.230" /><!-- duration: 0ms -->
        <step title="Ignoring FS watcher based recycle request as this is a classic Windows app." date="2025-09-21T17:55:12.245" /><!-- duration: 0ms -->
        <step title="Deployment successful. DEPLOYMENTINFO: deploymentPath = ZipDeploy. Run from package., deployer = ZipDeploy, os = windows, sku = PremiumV2, siteName = app-play-et-trivia-toronto-hub-dev, siteHostName = app-play-et-trivia-toronto-hub-dev.azurewebsites.net, deploymentStatus = Success" date="2025-09-21T17:55:12.261" /><!-- duration: 0ms -->
        <step title="Purge deployment items" date="2025-09-21T17:55:12.355" >
          <step title="Remove 31fbeb5a7, Failed, received at 9/21/2025 5:46:36 PM" date="2025-09-21T17:55:12.402" /><!-- duration: 0ms -->
        </step><!-- duration: 47ms -->
      </step><!-- duration: 313ms -->
    </step><!-- duration: 453ms -->
    <step title="Cleaning up temp files" date="2025-09-21T17:55:12.417" /><!-- duration: 0ms -->
    <step title="Updating C:\home\data\SitePackages\packagename.txt with deployment 20250921175511.zip" date="2025-09-21T17:55:12.433" /><!-- duration: 94ms -->
    <step title="Skip function trigger and logicapp sync because function is not enabled." date="2025-09-21T17:55:12.527" /><!-- duration: 16ms -->
  </step><!-- duration: 750ms -->
  <step title="LockFile &apos;C:\home\site\locks\deployments.lock&apos; released" date="2025-09-21T17:55:12.573" /><!-- duration: 0ms -->
  <step title="Deleting shutdown sentinel file" date="2025-09-21T17:55:12.589" SemaphoreCount="8" /><!-- duration: 0ms -->
</step><!-- duration: 875ms -->
