<step title="Incoming Request" date="2025-09-21T18:27:35.987" instance="ae54c9" url="/api/zipdeploy?isAsync=true" method="POST" type="request" pid="7744,3,11" Content-Length="464321" Content-Type="application/octet-stream" Accept="application/json" Accept-Encoding="gzip" Authorization="Bea..." Host="app-play-et-trivia-toronto-hub-dev.scm.azurewebsites.net" User-Agent="azsdk-go-zip-deploy/1.0.0 (go1.25.0 X:loopvar; Windows_NT),azdev/1.19.0 (Go go1.25.0 X:loopvar; windows/amd64)" x-ms-correlation-request-id="68c240fef58d17e9edf955e75135de11" X-ARR-LOG-ID="68c240fe-f58d-17e9-edf9-55e75135de11" CLIENT-IP="174.91.160.78:53633" X-SITE-DEPLOYMENT-ID="app-play-et-trivia-toronto-hub-dev" WAS-DEFAULT-HOSTNAME="app-play-et-trivia-toronto-hub-dev.scm.azurewebsites.net" X-Forwarded-Proto="https" X-AppService-Proto="https" X-Forwarded-TlsVersion="1.3" X-WAWS-Unencoded-URL="/api/zipdeploy?isAsync=true" >
  <step title="Cleanup Xml Logs" date="2025-09-21T18:27:35.987" /><!-- duration: 16ms -->
  <step title="ZipPushDeploy" date="2025-09-21T18:27:36.221" >
    <step title="ZipDeploy. Extract zip. Remote build. " date="2025-09-21T18:27:36.221" /><!-- duration: 0ms -->
    <step title="Starting PushDeployAsync" date="2025-09-21T18:27:36.237" /><!-- duration: 0ms -->
    <step title="Updating shutdown sentinel last write time" date="2025-09-21T18:27:36.252" SemaphoreCount="7" /><!-- duration: 16ms -->
    <step title="LockFile &apos;C:\home\site\locks\deployments.lock&apos; acquired" date="2025-09-21T18:27:36.268" /><!-- duration: 0ms -->
    <step title="Saving request content to C:\local\Temp\zipdeploy\x55kh2dj.zip" date="2025-09-21T18:27:36.268" >
      <step title="Total 464,321 bytes written to C:\local\Temp\zipdeploy\x55kh2dj.zip" date="2025-09-21T18:27:36.315" /><!-- duration: 0ms -->
    </step><!-- duration: 63ms -->
    <step title="LockFile &apos;C:\home\site\locks\deployments.lock&apos; released" date="2025-09-21T18:27:36.331" /><!-- duration: 0ms -->
    <step title="Deleting shutdown sentinel file" date="2025-09-21T18:27:36.331" SemaphoreCount="8" /><!-- duration: 16ms -->
    <step title="Starting FetchDeploy" date="2025-09-21T18:27:36.346" /><!-- duration: 0ms -->
    <step title="Start deployment in the background" date="2025-09-21T18:27:36.346" /><!-- duration: 109ms -->
  </step><!-- duration: 250ms -->
  <step title="Outgoing response" date="2025-09-21T18:27:36.503" type="response" statusCode="202" statusText="Accepted" Server="Microsoft-IIS/10.0" x-ms-request-id="68c240fe-f58d-17e9-edf9-55e75135de11" Retry-After="30" Cache-Control="private" X-AspNet-Version="4.0.30319" Location="https://app-play-et-trivia-toronto-hub-dev.scm.azurewebsites.net/api/deployments/latest?deployer=ZipDeploy&amp;time=2025-09-21_18-27-36Z" /><!-- duration: 16ms -->
</step><!-- duration: 531ms -->
