<step title="Incoming Request" date="2025-09-21T17:57:31.724" instance="ae54c9" url="/api/zipdeploy?isAsync=true" method="POST" type="request" pid="6040,2,8" Content-Length="463994" Content-Type="application/octet-stream" Accept="application/json" Accept-Encoding="gzip" Authorization="Bea..." Host="app-play-et-trivia-toronto-hub-dev.scm.azurewebsites.net" User-Agent="azsdk-go-zip-deploy/1.0.0 (go1.25.0 X:loopvar; Windows_NT),azdev/1.19.0 (Go go1.25.0 X:loopvar; windows/amd64)" x-ms-correlation-request-id="01b5842531a672f223f621e81c9e6b71" X-ARR-LOG-ID="01b58425-31a6-72f2-23f6-21e81c9e6b71" CLIENT-IP="174.91.160.78:52066" X-SITE-DEPLOYMENT-ID="app-play-et-trivia-toronto-hub-dev" WAS-DEFAULT-HOSTNAME="app-play-et-trivia-toronto-hub-dev.scm.azurewebsites.net" X-Forwarded-Proto="https" X-AppService-Proto="https" X-Forwarded-TlsVersion="1.3" X-WAWS-Unencoded-URL="/api/zipdeploy?isAsync=true" >
  <step title="ZipPushDeploy" date="2025-09-21T17:57:32.286" >
    <step title="ZipDeploy. Run from package. Ignore remote build." date="2025-09-21T17:57:32.396" /><!-- duration: 16ms -->
    <step title="Starting PushDeployAsync" date="2025-09-21T17:57:32.411" /><!-- duration: 0ms -->
    <step title="Updating shutdown sentinel last write time" date="2025-09-21T17:57:32.490" SemaphoreCount="7" /><!-- duration: 0ms -->
    <step title="LockFile &apos;C:\home\site\locks\deployments.lock&apos; acquired" date="2025-09-21T17:57:32.490" /><!-- duration: 0ms -->
    <step title="Saving request content to C:\home\data\SitePackages\20250921175732.zip" date="2025-09-21T17:57:32.505" >
      <step title="Total 463,994 bytes written to C:\home\data\SitePackages\20250921175732.zip" date="2025-09-21T17:57:32.552" /><!-- duration: 0ms -->
    </step><!-- duration: 62ms -->
    <step title="LockFile &apos;C:\home\site\locks\deployments.lock&apos; released" date="2025-09-21T17:57:32.568" /><!-- duration: 0ms -->
    <step title="Deleting shutdown sentinel file" date="2025-09-21T17:57:32.583" SemaphoreCount="8" /><!-- duration: 0ms -->
    <step title="Starting FetchDeploy" date="2025-09-21T17:57:32.583" /><!-- duration: 0ms -->
    <step title="Start deployment in the background" date="2025-09-21T17:57:32.583" /><!-- duration: 94ms -->
  </step><!-- duration: 406ms -->
  <step title="Outgoing response" date="2025-09-21T17:57:32.739" type="response" statusCode="202" statusText="Accepted" Server="Microsoft-IIS/10.0" x-ms-request-id="01b58425-31a6-72f2-23f6-21e81c9e6b71" Retry-After="30" Cache-Control="private" X-AspNet-Version="4.0.30319" Location="https://app-play-et-trivia-toronto-hub-dev.scm.azurewebsites.net/api/deployments/latest?deployer=ZipDeploy&amp;time=2025-09-21_17-57-32Z" /><!-- duration: 0ms -->
</step><!-- duration: 1015ms -->
