<step title="Incoming Request" date="2025-09-21T17:55:11.230" instance="ae54c9" url="/api/zipdeploy?isAsync=true" method="POST" type="request" pid="7944,2,8" Content-Length="428737" Content-Type="application/octet-stream" Accept="application/json" Accept-Encoding="gzip" Authorization="Bea..." Host="app-play-et-trivia-toronto-hub-dev.scm.azurewebsites.net" User-Agent="azsdk-go-zip-deploy/1.0.0 (go1.25.0 X:loopvar; Windows_NT),azdev/1.19.0 (Go go1.25.0 X:loopvar; windows/amd64)" x-ms-correlation-request-id="6dbd1c0a11e8ff2394e6c9dddb2a5585" X-ARR-LOG-ID="6dbd1c0a-11e8-ff23-94e6-c9dddb2a5585" CLIENT-IP="174.91.160.78:51930" X-SITE-DEPLOYMENT-ID="app-play-et-trivia-toronto-hub-dev" WAS-DEFAULT-HOSTNAME="app-play-et-trivia-toronto-hub-dev.scm.azurewebsites.net" X-Forwarded-Proto="https" X-AppService-Proto="https" X-Forwarded-TlsVersion="1.3" X-WAWS-Unencoded-URL="/api/zipdeploy?isAsync=true" >
  <step title="Cleanup Xml Logs" date="2025-09-21T17:55:11.230" /><!-- duration: 16ms -->
  <step title="ZipPushDeploy" date="2025-09-21T17:55:11.464" >
    <step title="ZipDeploy. Run from package." date="2025-09-21T17:55:11.495" /><!-- duration: 0ms -->
    <step title="Starting PushDeployAsync" date="2025-09-21T17:55:11.511" /><!-- duration: 0ms -->
    <step title="Updating shutdown sentinel last write time" date="2025-09-21T17:55:11.589" SemaphoreCount="7" /><!-- duration: 0ms -->
    <step title="LockFile &apos;C:\home\site\locks\deployments.lock&apos; acquired" date="2025-09-21T17:55:11.589" /><!-- duration: 0ms -->
    <step title="Saving request content to C:\home\data\SitePackages\20250921175511.zip" date="2025-09-21T17:55:11.605" >
      <step title="Total 428,737 bytes written to C:\home\data\SitePackages\20250921175511.zip" date="2025-09-21T17:55:11.667" /><!-- duration: 0ms -->
    </step><!-- duration: 78ms -->
    <step title="LockFile &apos;C:\home\site\locks\deployments.lock&apos; released" date="2025-09-21T17:55:11.698" /><!-- duration: 16ms -->
    <step title="Deleting shutdown sentinel file" date="2025-09-21T17:55:11.714" SemaphoreCount="8" /><!-- duration: 0ms -->
    <step title="Starting FetchDeploy" date="2025-09-21T17:55:11.730" /><!-- duration: 0ms -->
    <step title="Start deployment in the background" date="2025-09-21T17:55:11.730" /><!-- duration: 703ms -->
  </step><!-- duration: 969ms -->
  <step title="Outgoing response" date="2025-09-21T17:55:12.573" type="response" statusCode="202" statusText="Accepted" Server="Microsoft-IIS/10.0" x-ms-request-id="6dbd1c0a-11e8-ff23-94e6-c9dddb2a5585" Retry-After="30" Cache-Control="private" X-AspNet-Version="4.0.30319" Location="https://app-play-et-trivia-toronto-hub-dev.scm.azurewebsites.net/api/deployments/latest?deployer=ZipDeploy&amp;time=2025-09-21_17-55-12Z" /><!-- duration: 0ms -->
</step><!-- duration: 1360ms -->
