<step title="BackgroundTrace" date="2025-09-21T17:19:37.209" instance="ae54c9" url="/api/zipdeploy" method="POST" >
  <step title="Updating shutdown sentinel last write time" date="2025-09-21T17:19:37.928" SemaphoreCount="7" /><!-- duration: 0ms -->
  <step title="LockFile &apos;C:\home\site\locks\deployments.lock&apos; acquired" date="2025-09-21T17:19:37.928" /><!-- duration: 0ms -->
  <step title="Creating temporary deployment" date="2025-09-21T17:19:37.928" /><!-- duration: 62ms -->
  <step title="Performing fetch based deployment" date="2025-09-21T17:19:38.006" >
    <step title="Fetching changes." date="2025-09-21T17:19:38.069" /><!-- duration: 16ms -->
    <step title="Starting LocalZipHandler" date="2025-09-21T17:19:38.084" /><!-- duration: 16ms -->
    <step title="Cleaning up temp folders from previous zip deployments and extracting pushed zip file C:\local\Temp\zipdeploy\f2vjdogk.zip (0.40 MB) to C:\local\Temp\zipdeploy\extracted" date="2025-09-21T17:19:38.100" /><!-- duration: 16ms -->
    <step title="Cleaning up temp folders from previous zip deployments and extracting pushed zip file C:\local\Temp\zipdeploy\f2vjdogk.zip (0.40 MB) to C:\local\Temp\zipdeploy\extracted" date="2025-09-21T17:19:38.115" >
      <step title="Extracting 124 entries to C:\local\Temp\zipdeploy\extracted directory" date="2025-09-21T17:19:38.975" >
        <step title="Extracting to C:\local\Temp\zipdeploy\extracted\.babelrc ..." date="2025-09-21T17:19:38.975" /><!-- duration: 16ms -->
        <step title="Extracting to C:\local\Temp\zipdeploy\extracted\.deployment ..." date="2025-09-21T17:19:38.991" /><!-- duration: 0ms -->
        <step title="Extracting to C:\local\Temp\zipdeploy\extracted\.env ..." date="2025-09-21T17:19:38.991" /><!-- duration: 16ms -->
        <step title="Extracting to C:\local\Temp\zipdeploy\extracted\.env.example ..." date="2025-09-21T17:19:39.022" /><!-- duration: 0ms -->
        <step title="Extracting to C:\local\Temp\zipdeploy\extracted\.git\COMMIT_EDITMSG ..." date="2025-09-21T17:19:39.022" /><!-- duration: 0ms -->
        <step title="Omitting extracting file traces ..." date="2025-09-21T17:19:39.022" /><!-- duration: 16ms -->
        <step title="Extracting to C:\local\Temp\zipdeploy\extracted\src\index.html ..." date="2025-09-21T17:19:39.194" /><!-- duration: 16ms -->
        <step title="Extracting to C:\local\Temp\zipdeploy\extracted\src\index.js ..." date="2025-09-21T17:19:39.209" /><!-- duration: 0ms -->
        <step title="Extracting to C:\local\Temp\zipdeploy\extracted\src\styles.css ..." date="2025-09-21T17:19:39.209" /><!-- duration: 0ms -->
        <step title="Extracting to C:\local\Temp\zipdeploy\extracted\web.config ..." date="2025-09-21T17:19:39.225" /><!-- duration: 0ms -->
        <step title="Extracting to C:\local\Temp\zipdeploy\extracted\webpack.config.js ..." date="2025-09-21T17:19:39.225" /><!-- duration: 0ms -->
      </step><!-- duration: 266ms -->
    </step><!-- duration: 1125ms -->
    <step title="Before sending BuildRequestReceived status to /api/updatedeploystatus" date="2025-09-21T17:19:39.241" /><!-- duration: 0ms -->
    <step title="DeploymentManager.Deploy(id:951e06990aa3402ea0314d5080bc911a)" date="2025-09-21T17:19:39.256" >
      <step title="Collecting changeset information" date="2025-09-21T17:19:39.256" /><!-- duration: 63ms -->
      <step title="Updating submodules" date="2025-09-21T17:19:39.319" >
        <step title="Updating submodules." date="2025-09-21T17:19:39.350" /><!-- duration: 0ms -->
      </step><!-- duration: 31ms -->
      <step title="Preparing deployment for commit id &apos;951e06990a&apos;." date="2025-09-21T17:19:39.381" /><!-- duration: 0ms -->
      <step title="Determining deployment builder" date="2025-09-21T17:19:39.428" >
        <step title="Builder is CustomBuilder" date="2025-09-21T17:19:39.444" /><!-- duration: 0ms -->
      </step><!-- duration: 16ms -->
      <step title="Copying SSH keys" date="2025-09-21T17:19:39.459" /><!-- duration: 16ms -->
      <step title="Building" date="2025-09-21T17:19:39.475" >
        <step title="Running custom deployment command..." date="2025-09-21T17:19:39.491" /><!-- duration: 16ms -->
        <step title="Running deployment command..." date="2025-09-21T17:19:39.537" /><!-- duration: 0ms -->
        <step title="Command: deploy.cmd" date="2025-09-21T17:19:39.537" /><!-- duration: 16ms -->
        <step title="Executing external process" date="2025-09-21T17:19:39.897" type="process" path="starter.cmd" arguments="deploy.cmd" >
          <step title="&apos;deploy.cmd&apos; is not recognized as an internal or external command," date="2025-09-21T17:19:40.100" /><!-- duration: 0ms -->
          <step title="operable program or batch file." date="2025-09-21T17:19:40.100" /><!-- duration: 0ms -->
          <step title="Process dump" date="2025-09-21T17:19:40.116" exitCode="1" type="processOutput" /><!-- duration: 0ms -->
        </step><!-- duration: 219ms -->
        <step title="&apos;deploy.cmd&apos; is not recognized as an internal or external command,
operable program or batch file.
C:\Program Files (x86)\SiteExtensions\Kudu\2025.09.1.1\bin\Scripts\starter.cmd deploy.cmd DEPLOYMENTINFO: deploymentPath = ZipDeploy. Extract zip. Remote build. , deployer = ZipDeploy, os = windows, sku = PremiumV2, siteName = app-play-et-trivia-toronto-hub-dev, siteHostName = app-play-et-trivia-toronto-hub-dev.azurewebsites.net, deploymentStatus = Error" date="2025-09-21T17:19:40.131" /><!-- duration: 0ms -->
        <step title="Error occurred" date="2025-09-21T17:19:40.147" type="error" text="&apos;deploy.cmd&apos; is not recognized as an internal or external command,
operable program or batch file.
C:\Program Files (x86)\SiteExtensions\Kudu\2025.09.1.1\bin\Scripts\starter.cmd deploy.cmd" stackTrace="   at Kudu.Core.Infrastructure.Executable.ExecuteInternal(ITracer tracer, Func`2 onWriteOutput, Func`2 onWriteError, Encoding encoding, String arguments, Object[] args)
   at Kudu.Core.Infrastructure.Executable.ExecuteWithProgressWriter(ILogger logger, ITracer tracer, String arguments, Object[] args)
   at Kudu.Core.Deployment.Generator.ExternalCommandBuilder.RunCommand(DeploymentContext context, String command, Boolean ignoreManifest, String message)" /><!-- duration: 0ms -->
      </step><!-- duration: 781ms -->
      <step title="Error occurred" date="2025-09-21T17:19:40.256" type="error" text="&apos;deploy.cmd&apos; is not recognized as an internal or external command,
operable program or batch file.
C:\Program Files (x86)\SiteExtensions\Kudu\2025.09.1.1\bin\Scripts\starter.cmd deploy.cmd" stackTrace="   at Kudu.Core.Infrastructure.Executable.ExecuteInternal(ITracer tracer, Func`2 onWriteOutput, Func`2 onWriteError, Encoding encoding, String arguments, Object[] args)
   at Kudu.Core.Infrastructure.Executable.ExecuteWithProgressWriter(ILogger logger, ITracer tracer, String arguments, Object[] args)
   at Kudu.Core.Deployment.Generator.ExternalCommandBuilder.RunCommand(DeploymentContext context, String command, Boolean ignoreManifest, String message)
   at Kudu.Core.Deployment.Generator.CustomBuilder.Build(DeploymentContext context)
--- End of stack trace from previous location where exception was thrown ---
   at System.Runtime.CompilerServices.TaskAwaiter.ThrowForNonSuccess(Task task)
   at System.Runtime.CompilerServices.TaskAwaiter.HandleNonSuccessAndDebuggerNotification(Task task)
   at System.Runtime.CompilerServices.TaskAwaiter.ValidateEnd(Task task)
   at Kudu.Core.Deployment.DeploymentManager.&lt;Build&gt;d__38.MoveNext()" /><!-- duration: 0ms -->
      <step title="Deployment Failed. DEPLOYMENTINFO: deploymentPath = ZipDeploy. Extract zip. Remote build. , deployer = ZipDeploy, os = windows, sku = PremiumV2, siteName = app-play-et-trivia-toronto-hub-dev, siteHostName = app-play-et-trivia-toronto-hub-dev.azurewebsites.net, deploymentStatus = Failed" date="2025-09-21T17:19:40.272" /><!-- duration: 0ms -->
    </step><!-- duration: 1016ms -->
    <step title="Cleaning up temp files" date="2025-09-21T17:19:40.272" /><!-- duration: 0ms -->
  </step><!-- duration: 2297ms -->
  <step title="LockFile &apos;C:\home\site\locks\deployments.lock&apos; released" date="2025-09-21T17:19:40.303" /><!-- duration: 16ms -->
  <step title="Deleting shutdown sentinel file" date="2025-09-21T17:19:40.319" SemaphoreCount="8" /><!-- duration: 0ms -->
</step><!-- duration: 3110ms -->
