<step title="BackgroundTrace" date="2025-09-21T17:57:32.599" instance="ae54c9" url="/api/zipdeploy" method="POST" >
  <step title="Updating shutdown sentinel last write time" date="2025-09-21T17:57:32.614" SemaphoreCount="7" /><!-- duration: 0ms -->
  <step title="LockFile &apos;C:\home\site\locks\deployments.lock&apos; acquired" date="2025-09-21T17:57:32.630" /><!-- duration: 0ms -->
  <step title="Creating temporary deployment" date="2025-09-21T17:57:32.630" /><!-- duration: 47ms -->
  <step title="Performing fetch based deployment" date="2025-09-21T17:57:32.677" >
    <step title="Fetching changes." date="2025-09-21T17:57:32.771" /><!-- duration: 0ms -->
    <step title="Starting LocalZipHandler" date="2025-09-21T17:57:32.786" /><!-- duration: 0ms -->
    <step title="Starting ExtractTriggers" date="2025-09-21T17:57:32.786" /><!-- duration: 16ms -->
    <step title="Before sending BuildRequestReceived status to /api/updatedeploystatus" date="2025-09-21T17:57:32.818" /><!-- duration: 0ms -->
    <step title="DeploymentManager.Deploy(id:39cf771c1ccf483cba8ea6d5be4aba82)" date="2025-09-21T17:57:32.833" >
      <step title="Collecting changeset information" date="2025-09-21T17:57:32.833" /><!-- duration: 16ms -->
      <step title="Updating submodules" date="2025-09-21T17:57:32.849" >
        <step title="Updating submodules." date="2025-09-21T17:57:32.880" /><!-- duration: 0ms -->
      </step><!-- duration: 31ms -->
      <step title="Preparing deployment for commit id &apos;39cf771c1c&apos;." date="2025-09-21T17:57:32.927" /><!-- duration: 0ms -->
      <step title="Determining deployment builder" date="2025-09-21T17:57:32.942" >
        <step title="Builder is RunFromZipSiteBuilder" date="2025-09-21T17:57:32.958" /><!-- duration: 0ms -->
      </step><!-- duration: 16ms -->
      <step title="Copying SSH keys" date="2025-09-21T17:57:32.974" /><!-- duration: 16ms -->
      <step title="Building" date="2025-09-21T17:57:32.989" >
        <step title="Skipping build. Project type: Run-From-Zip" date="2025-09-21T17:57:33.021" /><!-- duration: 0ms -->
        <step title="Skipping post build. Project type: Run-From-Zip" date="2025-09-21T17:57:33.036" /><!-- duration: 0ms -->
        <step title="Triggering recycle (preview mode disabled)." date="2025-09-21T17:57:33.099" /><!-- duration: 0ms -->
        <step title="Ignoring FS watcher based recycle request as this is a classic Windows app." date="2025-09-21T17:57:33.099" /><!-- duration: 0ms -->
        <step title="Deployment successful. DEPLOYMENTINFO: deploymentPath = ZipDeploy. Run from package. Ignore remote build., deployer = ZipDeploy, os = windows, sku = PremiumV2, siteName = app-play-et-trivia-toronto-hub-dev, siteHostName = app-play-et-trivia-toronto-hub-dev.azurewebsites.net, deploymentStatus = Success" date="2025-09-21T17:57:33.130" /><!-- duration: 0ms -->
      </step><!-- duration: 234ms -->
    </step><!-- duration: 390ms -->
    <step title="Cleaning up temp files" date="2025-09-21T17:57:33.239" /><!-- duration: 0ms -->
    <step title="Updating C:\home\data\SitePackages\packagename.txt with deployment 20250921175732.zip" date="2025-09-21T17:57:33.239" /><!-- duration: 62ms -->
    <step title="Skip function trigger and logicapp sync because function is not enabled." date="2025-09-21T17:57:33.302" /><!-- duration: 0ms -->
  </step><!-- duration: 656ms -->
  <step title="LockFile &apos;C:\home\site\locks\deployments.lock&apos; released" date="2025-09-21T17:57:33.333" /><!-- duration: 16ms -->
  <step title="Deleting shutdown sentinel file" date="2025-09-21T17:57:33.349" SemaphoreCount="8" /><!-- duration: 0ms -->
</step><!-- duration: 750ms -->
