<step title="BackgroundTrace" date="2025-09-21T17:46:07.452" instance="ae54c9" url="/api/publish" method="POST" >
  <step title="Updating shutdown sentinel last write time" date="2025-09-21T17:46:07.467" SemaphoreCount="7" /><!-- duration: 0ms -->
  <step title="LockFile &apos;C:\home\site\locks\deployments.lock&apos; acquired" date="2025-09-21T17:46:07.467" /><!-- duration: 0ms -->
  <step title="Creating temporary deployment" date="2025-09-21T17:46:07.467" /><!-- duration: 63ms -->
  <step title="Performing fetch based deployment" date="2025-09-21T17:46:07.545" >
    <step title="Fetching changes." date="2025-09-21T17:46:07.623" /><!-- duration: 16ms -->
    <step title="Starting LocalZipHandler" date="2025-09-21T17:46:07.639" /><!-- duration: 16ms -->
    <step title="Cleaning up temp folders from previous zip deployments and extracting pushed zip file C:\local\Temp\zipdeploy\oyoxk4tg.zip (27.43 MB) to C:\local\Temp\zipdeploy\extracted" date="2025-09-21T17:46:07.670" /><!-- duration: 0ms -->
    <step title="Cleaning up temp folders from previous zip deployments and extracting pushed zip file C:\local\Temp\zipdeploy\oyoxk4tg.zip (27.43 MB) to C:\local\Temp\zipdeploy\extracted" date="2025-09-21T17:46:07.670" >
      <step title="Renaming extractTargetDirectory(C:\local\Temp\zipdeploy\extracted) to tempDirectory(C:\local\Temp\zipdeploy\42uh02of.gnh)" date="2025-09-21T17:46:07.686" /><!-- duration: 0ms -->
      <step title="Extracting 24592 entries to C:\local\Temp\zipdeploy\extracted directory" date="2025-09-21T17:46:09.014" >
        <step title="Extracting to C:\local\Temp\zipdeploy\extracted\AZURE_DEPLOYMENT.md ..." date="2025-09-21T17:46:09.077" /><!-- duration: 31ms -->
        <step title="Extracting to C:\local\Temp\zipdeploy\extracted\azure.yaml ..." date="2025-09-21T17:46:09.124" /><!-- duration: 31ms -->
        <step title="Extracting to C:\local\Temp\zipdeploy\extracted\README.md ..." date="2025-09-21T17:46:09.217" /><!-- duration: 47ms -->
        <step title="Extracting to C:\local\Temp\zipdeploy\extracted\deploy-to-azure.ps1 ..." date="2025-09-21T17:46:09.295" /><!-- duration: 47ms -->
        <step title="Extracting to C:\local\Temp\zipdeploy\extracted\package-lock.json ..." date="2025-09-21T17:46:09.483" /><!-- duration: 16ms -->
        <step title="Omitting extracting file traces ..." date="2025-09-21T17:46:09.514" /><!-- duration: 0ms -->
      </step><!-- duration: 27502ms -->
    </step><!-- duration: 28846ms -->
    <step title="Before sending BuildRequestReceived status to /api/updatedeploystatus" date="2025-09-21T17:46:36.531" /><!-- duration: 0ms -->
    <step title="DeploymentManager.Deploy(id:31fbeb5a70b14818bd6a60fb022b2fc2)" date="2025-09-21T17:46:36.531" >
      <step title="Collecting changeset information" date="2025-09-21T17:46:36.547" /><!-- duration: 63ms -->
      <step title="Updating submodules" date="2025-09-21T17:46:36.610" >
        <step title="Updating submodules." date="2025-09-21T17:46:36.719" /><!-- duration: 16ms -->
      </step><!-- duration: 125ms -->
      <step title="Preparing deployment for commit id &apos;31fbeb5a70&apos;." date="2025-09-21T17:46:36.813" /><!-- duration: 0ms -->
      <step title="Determining deployment builder" date="2025-09-21T17:46:36.860" >
        <step title="UseMSBuild16: True" date="2025-09-21T17:46:36.860" /><!-- duration: 16ms -->
        <step title="Builder is NodeSiteBuilder" date="2025-09-21T17:46:38.016" /><!-- duration: 16ms -->
      </step><!-- duration: 1188ms -->
      <step title="Copying SSH keys" date="2025-09-21T17:46:38.063" /><!-- duration: 0ms -->
      <step title="Building" date="2025-09-21T17:46:38.063" >
        <step title="Generating deployment script." date="2025-09-21T17:46:38.110" /><!-- duration: 0ms -->
        <step title="Generating deployment script" date="2025-09-21T17:46:38.110" >
          <step title="Using the following command to generate deployment script: &apos;azure site deploymentscript -y --no-dot-deployment -r &quot;C:\local\Temp\zipdeploy\extracted&quot; -o &quot;C:\home\site\deployments\tools&quot; --node --sitePath &quot;C:\local\Temp\zipdeploy\extracted&quot;&apos;." date="2025-09-21T17:46:38.203" /><!-- duration: 0ms -->
          <step title="Executing external process" date="2025-09-21T17:46:38.219" type="process" path="starter.cmd" arguments="&quot;C:\Program Files (x86)\SiteExtensions\Kudu\2025.09.1.1\bin\node_modules\.bin\kuduscript.cmd&quot; -y --no-dot-deployment -r &quot;C:\local\Temp\zipdeploy\extracted&quot; -o &quot;C:\home\site\deployments\tools&quot; --node --sitePath &quot;C:\local\Temp\zipdeploy\extracted&quot;" >
            <step title="Generating deployment script for node.js Web Site" date="2025-09-21T17:46:38.641" /><!-- duration: 0ms -->
          </step><!-- duration: 453ms -->
          <step title="Saved cached version of the deployment script for command -y --no-dot-deployment -r &quot;C:\local\Temp\zipdeploy\extracted&quot; -o &quot;C:\home\site\deployments\tools&quot; --node --sitePath &quot;C:\local\Temp\zipdeploy\extracted&quot;" date="2025-09-21T17:46:38.672" /><!-- duration: 0ms -->
        </step><!-- duration: 563ms -->
        <step title="Running deployment command..." date="2025-09-21T17:46:38.719" /><!-- duration: 0ms -->
        <step title="Command: &quot;C:\home\site\deployments\tools\deploy.cmd&quot;" date="2025-09-21T17:46:38.735" /><!-- duration: 0ms -->
        <step title="Executing external process" date="2025-09-21T17:46:38.750" type="process" path="starter.cmd" arguments="&quot;C:\home\site\deployments\tools\deploy.cmd&quot;" >
          <step title="Handling node.js deployment." date="2025-09-21T17:46:39.000" /><!-- duration: 0ms -->
          <step title="Creating app_offline.htm" date="2025-09-21T17:46:39.393" /><!-- duration: 0ms -->
          <step title="KuduSync.NET from: &apos;C:\local\Temp\zipdeploy\extracted&apos; to: &apos;C:\home\site\wwwroot&apos;" date="2025-09-21T17:46:39.393" /><!-- duration: 0ms -->
          <step title="Deleting file: &apos;hostingstart.html&apos;" date="2025-09-21T17:46:39.393" /><!-- duration: 16ms -->
          <step title="Copying file: &apos;azure.yaml&apos;" date="2025-09-21T17:46:39.409" /><!-- duration: 0ms -->
          <step title="Copying file: &apos;AZURE_DEPLOYMENT.md&apos;" date="2025-09-21T17:46:39.409" /><!-- duration: 0ms -->
          <step title="Copying file: &apos;deploy-to-azure.ps1&apos;" date="2025-09-21T17:46:39.424" /><!-- duration: 0ms -->
          <step title="Copying file: &apos;package-lock.json&apos;" date="2025-09-21T17:46:39.424" /><!-- duration: 0ms -->
          <step title="Copying file: &apos;package.json&apos;" date="2025-09-21T17:46:39.440" /><!-- duration: 0ms -->
          <step title="Copying file: &apos;README.md&apos;" date="2025-09-21T17:46:39.456" /><!-- duration: 0ms -->
          <step title="Copying file: &apos;webpack.config.js&apos;" date="2025-09-21T17:46:39.456" /><!-- duration: 0ms -->
          <step title="Copying file: &apos;dist\bundle.js&apos;" date="2025-09-21T17:46:39.471" /><!-- duration: 0ms -->
          <step title="Copying file: &apos;dist\bundle.js.LICENSE.txt&apos;" date="2025-09-21T17:46:39.487" /><!-- duration: 0ms -->
          <step title="Copying file: &apos;dist\index.html&apos;" date="2025-09-21T17:46:39.503" /><!-- duration: 0ms -->
          <step title="Copying file: &apos;infra\main-resources.bicep&apos;" date="2025-09-21T17:46:39.518" /><!-- duration: 0ms -->
          <step title="Copying file: &apos;infra\main.bicep&apos;" date="2025-09-21T17:46:39.518" /><!-- duration: 0ms -->
          <step title="Copying file: &apos;infra\main.parameters.json&apos;" date="2025-09-21T17:46:39.534" /><!-- duration: 0ms -->
          <step title="Copying file: &apos;node_modules\@azure\msal-browser\LICENSE&apos;" date="2025-09-21T17:46:39.534" /><!-- duration: 0ms -->
          <step title="Copying file: &apos;node_modules\@azure\msal-browser\package.json&apos;" date="2025-09-21T17:46:39.534" /><!-- duration: 16ms -->
          <step title="Copying file: &apos;node_modules\@azure\msal-browser\README.md&apos;" date="2025-09-21T17:46:39.549" /><!-- duration: 0ms -->
          <step title="Copying file: &apos;node_modules\@azure\msal-browser\dist\index.d.ts&apos;" date="2025-09-21T17:46:39.549" /><!-- duration: 16ms -->
          <step title="Copying file: &apos;node_modules\@azure\msal-browser\dist\index.d.ts.map&apos;" date="2025-09-21T17:46:39.565" /><!-- duration: 0ms -->
          <step title="Copying file: &apos;node_modules\@azure\msal-browser\dist\index.mjs&apos;" date="2025-09-21T17:46:39.565" /><!-- duration: 0ms -->
          <step title="Copying file: &apos;node_modules\@azure\msal-browser\dist\index.mjs.map&apos;" date="2025-09-21T17:46:39.581" /><!-- duration: 0ms -->
          <step title="Copying file: &apos;node_modules\@azure\msal-browser\dist\packageMetadata.d.ts&apos;" date="2025-09-21T17:46:39.581" /><!-- duration: 0ms -->
          <step title="Copying file: &apos;node_modules\@azure\msal-browser\dist\packageMetadata.d.ts.map&apos;" date="2025-09-21T17:46:39.596" /><!-- duration: 0ms -->
          <step title="Copying file: &apos;node_modules\@azure\msal-browser\dist\packageMetadata.mjs&apos;" date="2025-09-21T17:46:39.596" /><!-- duration: 0ms -->
          <step title="Copying file: &apos;node_modules\@azure\msal-browser\dist\packageMetadata.mjs.map&apos;" date="2025-09-21T17:46:39.612" /><!-- duration: 0ms -->
          <step title="Copying file: &apos;node_modules\@azure\msal-browser\dist\app\IPublicClientApplication.d.ts&apos;" date="2025-09-21T17:46:39.612" /><!-- duration: 0ms -->
          <step title="Copying file: &apos;node_modules\@azure\msal-browser\dist\app\IPublicClientApplication.d.ts.map&apos;" date="2025-09-21T17:46:39.612" /><!-- duration: 0ms -->
          <step title="Copying file: &apos;node_modules\@azure\msal-browser\dist\app\IPublicClientApplication.mjs&apos;" date="2025-09-21T17:46:39.628" /><!-- duration: 0ms -->
          <step title="Copying file: &apos;node_modules\@azure\msal-browser\dist\app\IPublicClientApplication.mjs.map&apos;" date="2025-09-21T17:46:39.628" /><!-- duration: 0ms -->
          <step title="Copying file: &apos;node_modules\@azure\msal-browser\dist\app\PublicClientApplication.d.ts&apos;" date="2025-09-21T17:46:39.643" /><!-- duration: 0ms -->
          <step title="Copying file: &apos;node_modules\@azure\msal-browser\dist\app\PublicClientApplication.d.ts.map&apos;" date="2025-09-21T17:46:39.643" /><!-- duration: 0ms -->
          <step title="Copying file: &apos;node_modules\@azure\msal-browser\dist\app\PublicClientApplication.mjs&apos;" date="2025-09-21T17:46:39.659" /><!-- duration: 0ms -->
          <step title="Copying file: &apos;node_modules\@azure\msal-browser\dist\app\PublicClientApplication.mjs.map&apos;" date="2025-09-21T17:46:39.659" /><!-- duration: 0ms -->
          <step title="Copying file: &apos;node_modules\@azure\msal-browser\dist\app\PublicClientNext.d.ts&apos;" date="2025-09-21T17:46:39.674" /><!-- duration: 0ms -->
          <step title="Copying file: &apos;node_modules\@azure\msal-browser\dist\app\PublicClientNext.d.ts.map&apos;" date="2025-09-21T17:46:39.674" /><!-- duration: 0ms -->
          <step title="Copying file: &apos;node_modules\@azure\msal-browser\dist\app\PublicClientNext.mjs&apos;" date="2025-09-21T17:46:39.690" /><!-- duration: 0ms -->
          <step title="Copying file: &apos;node_modules\@azure\msal-browser\dist\app\PublicClientNext.mjs.map&apos;" date="2025-09-21T17:46:39.690" /><!-- duration: 0ms -->
          <step title="Copying file: &apos;node_modules\@azure\msal-browser\dist\broker\nativeBroker\NativeMessageHandler.d.ts&apos;" date="2025-09-21T17:46:39.706" /><!-- duration: 0ms -->
          <step title="Copying file: &apos;node_modules\@azure\msal-browser\dist\broker\nativeBroker\NativeMessageHandler.d.ts.map&apos;" date="2025-09-21T17:46:39.706" /><!-- duration: 0ms -->
          <step title="Copying file: &apos;node_modules\@azure\msal-browser\dist\broker\nativeBroker\NativeMessageHandler.mjs&apos;" date="2025-09-21T17:46:39.721" /><!-- duration: 0ms -->
          <step title="Copying file: &apos;node_modules\@azure\msal-browser\dist\broker\nativeBroker\NativeMessageHandler.mjs.map&apos;" date="2025-09-21T17:46:39.721" /><!-- duration: 0ms -->
          <step title="Copying file: &apos;node_modules\@azure\msal-browser\dist\broker\nativeBroker\NativeRequest.d.ts&apos;" date="2025-09-21T17:46:39.721" /><!-- duration: 16ms -->
          <step title="Copying file: &apos;node_modules\@azure\msal-browser\dist\broker\nativeBroker\NativeRequest.d.ts.map&apos;" date="2025-09-21T17:46:39.737" /><!-- duration: 0ms -->
          <step title="Copying file: &apos;node_modules\@azure\msal-browser\dist\broker\nativeBroker\NativeResponse.d.ts&apos;" date="2025-09-21T17:46:39.737" /><!-- duration: 0ms -->
          <step title="Copying file: &apos;node_modules\@azure\msal-browser\dist\broker\nativeBroker\NativeResponse.d.ts.map&apos;" date="2025-09-21T17:46:39.753" /><!-- duration: 0ms -->
          <step title="Copying file: &apos;node_modules\@azure\msal-browser\dist\broker\nativeBroker\NativeStatusCodes.d.ts&apos;" date="2025-09-21T17:46:39.753" /><!-- duration: 0ms -->
          <step title="Copying file: &apos;node_modules\@azure\msal-browser\dist\broker\nativeBroker\NativeStatusCodes.d.ts.map&apos;" date="2025-09-21T17:46:39.784" /><!-- duration: 0ms -->
          <step title="Copying file: &apos;node_modules\@azure\msal-browser\dist\broker\nativeBroker\NativeStatusCodes.mjs&apos;" date="2025-09-21T17:46:39.784" /><!-- duration: 16ms -->
          <step title="Omitting next output lines..." date="2025-09-21T17:46:39.799" /><!-- duration: 0ms -->
          <step title="Processed 2631 files..." date="2025-09-21T17:46:59.645" /><!-- duration: 0ms -->
          <step title="Processed 5269 files..." date="2025-09-21T17:47:19.646" /><!-- duration: 0ms -->
          <step title="Processed 7696 files..." date="2025-09-21T17:47:39.671" /><!-- duration: 0ms -->
          <step title="Processed 10156 files..." date="2025-09-21T17:47:59.683" /><!-- duration: 0ms -->
          <step title="Processed 12364 files..." date="2025-09-21T17:48:19.713" /><!-- duration: 0ms -->
          <step title="Processed 15511 files..." date="2025-09-21T17:48:39.716" /><!-- duration: 0ms -->
          <step title="Processed 18670 files..." date="2025-09-21T17:49:01.706" /><!-- duration: 0ms -->
          <step title="Using start-up script server/index.js from package.json." date="2025-09-21T17:49:14.696" /><!-- duration: 0ms -->
          <step title="The package.json file does not specify node.js engine version constraints." date="2025-09-21T17:49:14.696" /><!-- duration: 0ms -->
          <step title="The node.js application will run with the default node.js version 20.15.1." date="2025-09-21T17:49:14.711" /><!-- duration: 0ms -->
          <step title="Selected npm version null" date="2025-09-21T17:49:14.727" /><!-- duration: 0ms -->
          <step title="One or more of the selected node/npm paths do not exist." date="2025-09-21T17:49:14.727" /><!-- duration: 0ms -->
          <step title="npm WARN package.json secure-kiosk-app@1.0.0 No repository field." date="2025-09-21T17:49:17.524" /><!-- duration: 0ms -->
          <step title="npm WARN package.json launch-editor@2.11.1 No README data" date="2025-09-21T17:49:19.525" /><!-- duration: 0ms -->
          <step title="npm WARN package.json events@3.3.0 events is also the name of a node core module." date="2025-09-21T17:49:19.525" /><!-- duration: 16ms -->
          <step title="npm WARN package.json require-from-string@2.0.2 keywords should be an array of strings" date="2025-09-21T17:49:19.540" /><!-- duration: 0ms -->
          <step title="npm WARN package.json spawn-command@0.0.2 No repository field." date="2025-09-21T17:49:19.540" /><!-- duration: 0ms -->
          <step title="npm WARN package.json string_decoder@1.3.0 string_decoder is also the name of a node core module." date="2025-09-21T17:49:19.556" /><!-- duration: 0ms -->
          <step title="npm ERR! 404 Not Found" date="2025-09-21T17:49:19.837" /><!-- duration: 16ms -->
          <step title="npm ERR! 404 " date="2025-09-21T17:49:19.853" /><!-- duration: 0ms -->
          <step title="npm ERR! 404 &apos;azure/msal-node&apos; is not in the npm registry." date="2025-09-21T17:49:19.869" /><!-- duration: 0ms -->
>
          <step title="Failed exitCode=1, command=&quot;node&quot; &quot;C:\Program Files (x86)\npm\1.4.28\node_modules\npm\bin\npm-cli.js&quot; install --production" date="2025-09-21T17:49:19.869"           <step title="npm ERR! 404 You should bug the author to publish it" date="2025-09-21T17:49:19.869" /><!-- duration: 0ms -->
/><!-- duration: 0ms -->
          <step title="npm ERR! 404 It was specified as a dependency of &apos;secure-kiosk-app&apos;" date="2025-09-21T17:49:19.884" /><!-- duration: 0ms -->
An error has occurred during web site deployment." date="2025-09-21T17:49:19.884" /><!-- duration: 0ms -->
          <step title="npm ERR! 404 " date="2025-09-21T17:49:19.884" /><!-- duration: 16ms -->
          <step title="npm ERR! 404 Note that you can also install from a" date="2025-09-21T17:49:19.900" /><!-- duration: 0ms -->
          <step title="npm ERR! 404 tarball, folder, or http url, or git url." date="2025-09-21T17:49:19.915" /><!-- duration: 0ms -->
          <step title="npm ERR! System Windows_NT 6.2.9200" date="2025-09-21T17:49:19.915" /><!-- duration: 0ms -->
          <step title="npm ERR! command &quot;node&quot; &quot;C:\\Program Files (x86)\\npm\\1.4.28\\node_modules\\npm\\bin\\npm-cli.js&quot; &quot;install&quot; &quot;--production&quot;" date="2025-09-21T17:49:19.931" /><!-- duration: 0ms -->
          <step title="npm ERR! cwd C:\home\site\wwwroot" date="2025-09-21T17:49:19.931" /><!-- duration: 0ms -->
          <step title="npm ERR! node -v v0.10.40" date="2025-09-21T17:49:19.947" /><!-- duration: 0ms -->
          <step title="npm ERR! npm -v 1.4.28" date="2025-09-21T17:49:19.947" /><!-- duration: 0ms -->
          <step title="npm ERR! code E404" date="2025-09-21T17:49:19.947" /><!-- duration: 16ms -->
          <step title="Process dump" date="2025-09-21T17:49:19.962" exitCode="255" type="processOutput" /><!-- duration: 0ms -->
        </step><!-- duration: 161212ms -->
        <step title="npm WARN package.json secure-kiosk-app@1.0.0 No repository field.
npm WARN package.json launch-editor@2.11.1 No README data
npm WARN package.json events@3.3.0 events is also the name of a node core module.
npm WARN package.json require-from-string@2.0.2 keywords should be an array of strings
npm WARN package.json spawn-command@0.0.2 No repository field.
npm WARN package.json string_decoder@1.3.0 string_decoder is also the name of a node core module.
npm ERR! 404 Not Found
npm ERR! 404 
npm ERR! 404 &apos;azure/msal-node&apos; is not in the npm registry.
npm ERR! 404 You should bug the author to publish it
npm ERR! 404 It was specified as a dependency of &apos;secure-kiosk-app&apos;
npm ERR! 404 
npm ERR! 404 Note that you can also install from a
npm ERR! 404 tarball, folder, or http url, or git url.

npm ERR! System Windows_NT 6.2.9200
npm ERR! command &quot;node&quot; &quot;C:\\Program Files (x86)\\npm\\1.4.28\\node_modules\\npm\\bin\\npm-cli.js&quot; &quot;install&quot; &quot;--production&quot;
npm ERR! cwd C:\home\site\wwwroot
npm ERR! node -v v0.10.40
npm ERR! npm -v 1.4.28
npm ERR! code E404
C:\Program Files (x86)\SiteExtensions\Kudu\2025.09.1.1\bin\Scripts\starter.cmd &quot;C:\home\site\deployments\tools\deploy.cmd&quot; DEPLOYMENTINFO: deploymentPath = OneDeploy, deployer = OneDeploy, os = windows, sku = PremiumV2, siteName = app-play-et-trivia-toronto-hub-dev, siteHostName = app-play-et-trivia-toronto-hub-dev.azurewebsites.net, deploymentStatus = Error" date="2025-09-21T17:49:19.978" /><!-- duration: 0ms -->
        <step title="Error occurred" date="2025-09-21T17:49:19.978" type="error" text="npm WARN package.json secure-kiosk-app@1.0.0 No repository field.
npm WARN package.json launch-editor@2.11.1 No README data
npm WARN package.json events@3.3.0 events is also the name of a node core module.
npm WARN package.json require-from-string@2.0.2 keywords should be an array of strings
npm WARN package.json spawn-command@0.0.2 No repository field.
npm WARN package.json string_decoder@1.3.0 string_decoder is also the name of a node core module.
npm ERR! 404 Not Found
npm ERR! 404 
npm ERR! 404 &apos;azure/msal-node&apos; is not in the npm registry.
npm ERR! 404 You should bug the author to publish it
npm ERR! 404 It was specified as a dependency of &apos;secure-kiosk-app&apos;
npm ERR! 404 
npm ERR! 404 Note that you can also install from a
npm ERR! 404 tarball, folder, or http url, or git url.

npm ERR! System Windows_NT 6.2.9200
npm ERR! command &quot;node&quot; &quot;C:\\Program Files (x86)\\npm\\1.4.28\\node_modules\\npm\\bin\\npm-cli.js&quot; &quot;install&quot; &quot;--production&quot;
npm ERR! cwd C:\home\site\wwwroot
npm ERR! node -v v0.10.40
npm ERR! npm -v 1.4.28
npm ERR! code E404
C:\Program Files (x86)\SiteExtensions\Kudu\2025.09.1.1\bin\Scripts\starter.cmd &quot;C:\home\site\deployments\tools\deploy.cmd&quot;" stackTrace="   at Kudu.Core.Infrastructure.Executable.ExecuteInternal(ITracer tracer, Func`2 onWriteOutput, Func`2 onWriteError, Encoding encoding, String arguments, Object[] args)
   at Kudu.Core.Infrastructure.Executable.ExecuteWithProgressWriter(ILogger logger, ITracer tracer, String arguments, Object[] args)
   at Kudu.Core.Deployment.Generator.ExternalCommandBuilder.RunCommand(DeploymentContext context, String command, Boolean ignoreManifest, String message)" /><!-- duration: 0ms -->
      </step><!-- duration: 161962ms -->
      <step title="Error occurred" date="2025-09-21T17:49:20.025" type="error" text="npm WARN package.json secure-kiosk-app@1.0.0 No repository field.
npm WARN package.json launch-editor@2.11.1 No README data
npm WARN package.json events@3.3.0 events is also the name of a node core module.
npm WARN package.json require-from-string@2.0.2 keywords should be an array of strings
npm WARN package.json spawn-command@0.0.2 No repository field.
npm WARN package.json string_decoder@1.3.0 string_decoder is also the name of a node core module.
npm ERR! 404 Not Found
npm ERR! 404 
npm ERR! 404 &apos;azure/msal-node&apos; is not in the npm registry.
npm ERR! 404 You should bug the author to publish it
npm ERR! 404 It was specified as a dependency of &apos;secure-kiosk-app&apos;
npm ERR! 404 
npm ERR! 404 Note that you can also install from a
npm ERR! 404 tarball, folder, or http url, or git url.

npm ERR! System Windows_NT 6.2.9200
npm ERR! command &quot;node&quot; &quot;C:\\Program Files (x86)\\npm\\1.4.28\\node_modules\\npm\\bin\\npm-cli.js&quot; &quot;install&quot; &quot;--production&quot;
npm ERR! cwd C:\home\site\wwwroot
npm ERR! node -v v0.10.40
npm ERR! npm -v 1.4.28
npm ERR! code E404
C:\Program Files (x86)\SiteExtensions\Kudu\2025.09.1.1\bin\Scripts\starter.cmd &quot;C:\home\site\deployments\tools\deploy.cmd&quot;" stackTrace="   at Kudu.Core.Infrastructure.Executable.ExecuteInternal(ITracer tracer, Func`2 onWriteOutput, Func`2 onWriteError, Encoding encoding, String arguments, Object[] args)
   at Kudu.Core.Infrastructure.Executable.ExecuteWithProgressWriter(ILogger logger, ITracer tracer, String arguments, Object[] args)
   at Kudu.Core.Deployment.Generator.ExternalCommandBuilder.RunCommand(DeploymentContext context, String command, Boolean ignoreManifest, String message)
   at Kudu.Core.Deployment.Generator.GeneratorSiteBuilder.Build(DeploymentContext context)
--- End of stack trace from previous location where exception was thrown ---
   at System.Runtime.CompilerServices.TaskAwaiter.ThrowForNonSuccess(Task task)
   at System.Runtime.CompilerServices.TaskAwaiter.HandleNonSuccessAndDebuggerNotification(Task task)
   at System.Runtime.CompilerServices.TaskAwaiter.ValidateEnd(Task task)
   at Kudu.Core.Deployment.DeploymentManager.&lt;Build&gt;d__38.MoveNext()" /><!-- duration: 0ms -->
      <step title="Deployment Failed. DEPLOYMENTINFO: deploymentPath = OneDeploy, deployer = OneDeploy, os = windows, sku = PremiumV2, siteName = app-play-et-trivia-toronto-hub-dev, siteHostName = app-play-et-trivia-toronto-hub-dev.azurewebsites.net, deploymentStatus = Failed" date="2025-09-21T17:49:20.040" /><!-- duration: 0ms -->
    </step><!-- duration: 163509ms -->
    <step title="Cleaning up temp files" date="2025-09-21T17:49:20.040" /><!-- duration: 0ms -->
  </step><!-- duration: 192526ms -->
  <step title="LockFile &apos;C:\home\site\locks\deployments.lock&apos; released" date="2025-09-21T17:49:20.072" /><!-- duration: 0ms -->
  <step title="Deleting shutdown sentinel file" date="2025-09-21T17:49:20.087" SemaphoreCount="8" /><!-- duration: 0ms -->
</step><!-- duration: 192636ms -->
