<step title="BackgroundTrace" date="2025-09-21T18:05:14.245" instance="ae54c9" url="/api/zipdeploy" method="POST" >
  <step title="Updating shutdown sentinel last write time" date="2025-09-21T18:05:14.260" SemaphoreCount="7" /><!-- duration: 0ms -->
  <step title="LockFile &apos;C:\home\site\locks\deployments.lock&apos; acquired" date="2025-09-21T18:05:14.260" /><!-- duration: 0ms -->
  <step title="Creating temporary deployment" date="2025-09-21T18:05:14.276" /><!-- duration: 47ms -->
  <step title="Performing fetch based deployment" date="2025-09-21T18:05:14.354" >
    <step title="Fetching changes." date="2025-09-21T18:05:14.432" /><!-- duration: 16ms -->
    <step title="Starting LocalZipHandler" date="2025-09-21T18:05:14.448" /><!-- duration: 16ms -->
    <step title="Cleaning up temp folders from previous zip deployments and extracting pushed zip file C:\local\Temp\zipdeploy\oajmn0j5.zip (0.44 MB) to C:\local\Temp\zipdeploy\extracted" date="2025-09-21T18:05:14.510" /><!-- duration: 0ms -->
    <step title="Cleaning up temp folders from previous zip deployments and extracting pushed zip file C:\local\Temp\zipdeploy\oajmn0j5.zip (0.44 MB) to C:\local\Temp\zipdeploy\extracted" date="2025-09-21T18:05:14.510" >
      <step title="Renaming extractTargetDirectory(C:\local\Temp\zipdeploy\extracted) to tempDirectory(C:\local\Temp\zipdeploy\zd0xco2s.dxj)" date="2025-09-21T18:05:14.510" /><!-- duration: 0ms -->
      <step title="Extracting 138 entries to C:\local\Temp\zipdeploy\extracted directory" date="2025-09-21T18:05:14.635" >
        <step title="Extracting to C:\local\Temp\zipdeploy\extracted\.babelrc ..." date="2025-09-21T18:05:14.635" /><!-- duration: 47ms -->
        <step title="Extracting to C:\local\Temp\zipdeploy\extracted\.deployment ..." date="2025-09-21T18:05:14.682" /><!-- duration: 16ms -->
        <step title="Extracting to C:\local\Temp\zipdeploy\extracted\.env ..." date="2025-09-21T18:05:14.698" /><!-- duration: 0ms -->
        <step title="Extracting to C:\local\Temp\zipdeploy\extracted\.env.example ..." date="2025-09-21T18:05:14.698" /><!-- duration: 0ms -->
        <step title="Extracting to C:\local\Temp\zipdeploy\extracted\.git\COMMIT_EDITMSG ..." date="2025-09-21T18:05:14.713" /><!-- duration: 0ms -->
        <step title="Omitting extracting file traces ..." date="2025-09-21T18:05:14.713" /><!-- duration: 0ms -->
        <step title="Extracting to C:\local\Temp\zipdeploy\extracted\src\index.js ..." date="2025-09-21T18:05:14.901" /><!-- duration: 0ms -->
        <step title="Extracting to C:\local\Temp\zipdeploy\extracted\src\styles.css ..." date="2025-09-21T18:05:14.901" /><!-- duration: 16ms -->
        <step title="Extracting to C:\local\Temp\zipdeploy\extracted\web.config ..." date="2025-09-21T18:05:14.917" /><!-- duration: 0ms -->
        <step title="Extracting to C:\local\Temp\zipdeploy\extracted\webapp-logs.zip ..." date="2025-09-21T18:05:14.917" /><!-- duration: 0ms -->
        <step title="Extracting to C:\local\Temp\zipdeploy\extracted\webpack.config.js ..." date="2025-09-21T18:05:14.932" /><!-- duration: 0ms -->
      </step><!-- duration: 297ms -->
    </step><!-- duration: 422ms -->
    <step title="Before sending BuildRequestReceived status to /api/updatedeploystatus" date="2025-09-21T18:05:14.932" /><!-- duration: 16ms -->
    <step title="DeploymentManager.Deploy(id:b8e8e7356de3498d815c60cab5b53100)" date="2025-09-21T18:05:14.948" >
      <step title="Collecting changeset information" date="2025-09-21T18:05:14.948" /><!-- duration: 63ms -->
      <step title="Updating submodules" date="2025-09-21T18:05:15.010" >
        <step title="Updating submodules." date="2025-09-21T18:05:15.042" /><!-- duration: 0ms -->
      </step><!-- duration: 31ms -->
      <step title="Preparing deployment for commit id &apos;b8e8e7356d&apos;." date="2025-09-21T18:05:15.088" /><!-- duration: 0ms -->
      <step title="Determining deployment builder" date="2025-09-21T18:05:15.135" >
        <step title="UseMSBuild16: True" date="2025-09-21T18:05:15.135" /><!-- duration: 0ms -->
        <step title="Builder is NodeSiteBuilder" date="2025-09-21T18:05:15.182" /><!-- duration: 0ms -->
      </step><!-- duration: 47ms -->
      <step title="Copying SSH keys" date="2025-09-21T18:05:15.198" /><!-- duration: 16ms -->
      <step title="Building" date="2025-09-21T18:05:15.213" >
        <step title="Generating deployment script." date="2025-09-21T18:05:15.245" /><!-- duration: 0ms -->
        <step title="Generating deployment script" date="2025-09-21T18:05:15.245" >
          <step title="Using cached version of the deployment script for command: -y --no-dot-deployment -r &quot;C:\local\Temp\zipdeploy\extracted&quot; -o &quot;C:\home\site\deployments\tools&quot; --node --sitePath &quot;C:\local\Temp\zipdeploy\extracted&quot;" date="2025-09-21T18:05:15.323" /><!-- duration: 0ms -->
          <step title="Using cached version of deployment script (command: &apos;azure -y --no-dot-deployment -r &quot;C:\local\Temp\zipdeploy\extracted&quot; -o &quot;C:\home\site\deployments\tools&quot; --node --sitePath &quot;C:\local\Temp\zipdeploy\extracted&quot;&apos;)." date="2025-09-21T18:05:15.323" /><!-- duration: 0ms -->
        </step><!-- duration: 94ms -->
        <step title="Running deployment command..." date="2025-09-21T18:05:15.354" /><!-- duration: 0ms -->
        <step title="Command: &quot;C:\home\site\deployments\tools\deploy.cmd&quot;" date="2025-09-21T18:05:15.370" /><!-- duration: 0ms -->
        <step title="Executing external process" date="2025-09-21T18:05:15.385" type="process" path="starter.cmd" arguments="&quot;C:\home\site\deployments\tools\deploy.cmd&quot;" >
          <step title="Handling node.js deployment." date="2025-09-21T18:05:15.604" /><!-- duration: 94ms -->
          <step title="Creating app_offline.htm" date="2025-09-21T18:05:15.854" /><!-- duration: 0ms -->
          <step title="KuduSync.NET from: &apos;C:\local\Temp\zipdeploy\extracted&apos; to: &apos;C:\home\site\wwwroot&apos;" date="2025-09-21T18:05:15.854" /><!-- duration: 16ms -->
          <step title="Copying file: &apos;package-lock.json&apos;" date="2025-09-21T18:05:15.870" /><!-- duration: 0ms -->
          <step title="Copying file: &apos;infra\main-resources.bicep&apos;" date="2025-09-21T18:05:15.885" /><!-- duration: 16ms -->
          <step title="Deleting app_offline.htm" date="2025-09-21T18:05:15.901" /><!-- duration: 0ms -->
          <step title="Using start-up script server/index.js from package.json." date="2025-09-21T18:05:15.995" /><!-- duration: 0ms -->
          <step title="The package.json file does not specify node.js engine version constraints." date="2025-09-21T18:05:15.995" /><!-- duration: 0ms -->
          <step title="The node.js application will run with the default node.js version 20.15.1." date="2025-09-21T18:05:16.010" /><!-- duration: 0ms -->
          <step title="Selected npm version null" date="2025-09-21T18:05:16.010" /><!-- duration: 0ms -->
          <step title="One or more of the selected node/npm paths do not exist." date="2025-09-21T18:05:16.026" /><!-- duration: 0ms -->
          <step title="npm WARN package.json secure-kiosk-app@1.0.0 No repository field." date="2025-09-21T18:05:16.979" /><!-- duration: 0ms -->
          <step title="npm WARN package.json launch-editor@2.11.1 No README data" date="2025-09-21T18:05:18.979" /><!-- duration: 0ms -->
          <step title="npm WARN package.json events@3.3.0 events is also the name of a node core module." date="2025-09-21T18:05:19.042" /><!-- duration: 0ms -->
          <step title="npm WARN package.json require-from-string@2.0.2 keywords should be an array of strings" date="2025-09-21T18:05:19.057" /><!-- duration: 0ms -->
          <step title="npm WARN package.json spawn-command@0.0.2 No repository field." date="2025-09-21T18:05:19.057" /><!-- duration: 0ms -->
          <step title="npm WARN package.json string_decoder@1.3.0 string_decoder is also the name of a node core module." date="2025-09-21T18:05:19.073" /><!-- duration: 0ms -->
          <step title="npm ERR! 404 Not Found" date="2025-09-21T18:05:19.354" /><!-- duration: 16ms -->
          <step title="npm ERR! 404 " date="2025-09-21T18:05:19.370" /><!-- duration: 16ms -->
          <step title="npm ERR! 404 &apos;azure/msal-node&apos; is not in the npm registry." date="2025-09-21T18:05:19.386" >
          <step title="Failed exitCode=1, command=&quot;node&quot; &quot;C:\Program Files (x86)\npm\1.4.28\node_modules\npm\bin\npm-cli.js&quot; install --production" date="2025-09-21T18:05:19.386" /><!-- duration: 0ms -->
/><!-- duration: 0ms -->
          <step title="npm ERR! 404 You should bug the author to publish it" date="2025-09-21T18:05:19.401" /><!-- duration: 0ms -->
          <step title="An error has occurred during web site deployment." date="2025-09-21T18:05:19.401" >
          <step title="npm ERR! 404 It was specified as a dependency of &apos;secure-kiosk-app&apos;" date="2025-09-21T18:05:19.417" /><!-- duration: 16ms -->
/><!-- duration: 0ms -->
          <step title="npm ERR! 404 " date="2025-09-21T18:05:19.417" /><!-- duration: 0ms -->
          <step title="npm ERR! 404 Note that you can also install from a" date="2025-09-21T18:05:19.417" /><!-- duration: 16ms -->
          <step title="npm ERR! 404 tarball, folder, or http url, or git url." date="2025-09-21T18:05:19.432" /><!-- duration: 0ms -->
          <step title="npm ERR! System Windows_NT 6.2.9200" date="2025-09-21T18:05:19.448" /><!-- duration: 0ms -->
          <step title="npm ERR! command &quot;node&quot; &quot;C:\\Program Files (x86)\\npm\\1.4.28\\node_modules\\npm\\bin\\npm-cli.js&quot; &quot;install&quot; &quot;--production&quot;" date="2025-09-21T18:05:19.448" /><!-- duration: 0ms -->
          <step title="npm ERR! cwd C:\home\site\wwwroot" date="2025-09-21T18:05:19.448" /><!-- duration: 16ms -->
          <step title="npm ERR! node -v v0.10.40" date="2025-09-21T18:05:19.464" /><!-- duration: 0ms -->
          <step title="npm ERR! npm -v 1.4.28" date="2025-09-21T18:05:19.464" /><!-- duration: 16ms -->
          <step title="npm ERR! code E404" date="2025-09-21T18:05:19.479" /><!-- duration: 0ms -->
          <step title="Process dump" date="2025-09-21T18:05:19.495" exitCode="255" type="processOutput" /><!-- duration: 0ms -->
        </step><!-- duration: 4110ms -->
        <step title="npm WARN package.json secure-kiosk-app@1.0.0 No repository field.
npm WARN package.json launch-editor@2.11.1 No README data
npm WARN package.json events@3.3.0 events is also the name of a node core module.
npm WARN package.json require-from-string@2.0.2 keywords should be an array of strings
npm WARN package.json spawn-command@0.0.2 No repository field.
npm WARN package.json string_decoder@1.3.0 string_decoder is also the name of a node core module.
npm ERR! 404 Not Found
npm ERR! 404 
npm ERR! 404 &apos;azure/msal-node&apos; is not in the npm registry.
npm ERR! 404 You should bug the author to publish it
npm ERR! 404 It was specified as a dependency of &apos;secure-kiosk-app&apos;
npm ERR! 404 
npm ERR! 404 Note that you can also install from a
npm ERR! 404 tarball, folder, or http url, or git url.

npm ERR! System Windows_NT 6.2.9200
npm ERR! command &quot;node&quot; &quot;C:\\Program Files (x86)\\npm\\1.4.28\\node_modules\\npm\\bin\\npm-cli.js&quot; &quot;install&quot; &quot;--production&quot;
npm ERR! cwd C:\home\site\wwwroot
npm ERR! node -v v0.10.40
npm ERR! npm -v 1.4.28
npm ERR! code E404
C:\Program Files (x86)\SiteExtensions\Kudu\2025.09.1.1\bin\Scripts\starter.cmd &quot;C:\home\site\deployments\tools\deploy.cmd&quot; DEPLOYMENTINFO: deploymentPath = ZipDeploy. Extract zip. Remote build. , deployer = ZipDeploy, os = windows, sku = PremiumV2, siteName = app-play-et-trivia-toronto-hub-dev, siteHostName = app-play-et-trivia-toronto-hub-dev.azurewebsites.net, deploymentStatus = Error" date="2025-09-21T18:05:19.495" /><!-- duration: 0ms -->
        <step title="Error occurred" date="2025-09-21T18:05:19.511" type="error" text="npm WARN package.json secure-kiosk-app@1.0.0 No repository field.
npm WARN package.json launch-editor@2.11.1 No README data
npm WARN package.json events@3.3.0 events is also the name of a node core module.
npm WARN package.json require-from-string@2.0.2 keywords should be an array of strings
npm WARN package.json spawn-command@0.0.2 No repository field.
npm WARN package.json string_decoder@1.3.0 string_decoder is also the name of a node core module.
npm ERR! 404 Not Found
npm ERR! 404 
npm ERR! 404 &apos;azure/msal-node&apos; is not in the npm registry.
npm ERR! 404 You should bug the author to publish it
npm ERR! 404 It was specified as a dependency of &apos;secure-kiosk-app&apos;
npm ERR! 404 
npm ERR! 404 Note that you can also install from a
npm ERR! 404 tarball, folder, or http url, or git url.

npm ERR! System Windows_NT 6.2.9200
npm ERR! command &quot;node&quot; &quot;C:\\Program Files (x86)\\npm\\1.4.28\\node_modules\\npm\\bin\\npm-cli.js&quot; &quot;install&quot; &quot;--production&quot;
npm ERR! cwd C:\home\site\wwwroot
npm ERR! node -v v0.10.40
npm ERR! npm -v 1.4.28
npm ERR! code E404
C:\Program Files (x86)\SiteExtensions\Kudu\2025.09.1.1\bin\Scripts\starter.cmd &quot;C:\home\site\deployments\tools\deploy.cmd&quot;" stackTrace="   at Kudu.Core.Infrastructure.Executable.ExecuteInternal(ITracer tracer, Func`2 onWriteOutput, Func`2 onWriteError, Encoding encoding, String arguments, Object[] args)
   at Kudu.Core.Infrastructure.Executable.ExecuteWithProgressWriter(ILogger logger, ITracer tracer, String arguments, Object[] args)
   at Kudu.Core.Deployment.Generator.ExternalCommandBuilder.RunCommand(DeploymentContext context, String command, Boolean ignoreManifest, String message)" /><!-- duration: 0ms -->
        <step title="Purge deployment items" date="2025-09-21T18:05:19.620" >
          <step title="Remove a3d2eb455, Failed, received at 9/21/2025 5:59:54 PM" date="2025-09-21T18:05:19.667" /><!-- duration: 0ms -->
        </step><!-- duration: 47ms -->
      </step><!-- duration: 4453ms -->
      <step title="Error occurred" date="2025-09-21T18:05:19.682" type="error" text="npm WARN package.json secure-kiosk-app@1.0.0 No repository field.
npm WARN package.json launch-editor@2.11.1 No README data
npm WARN package.json events@3.3.0 events is also the name of a node core module.
npm WARN package.json require-from-string@2.0.2 keywords should be an array of strings
npm WARN package.json spawn-command@0.0.2 No repository field.
npm WARN package.json string_decoder@1.3.0 string_decoder is also the name of a node core module.
npm ERR! 404 Not Found
npm ERR! 404 
npm ERR! 404 &apos;azure/msal-node&apos; is not in the npm registry.
npm ERR! 404 You should bug the author to publish it
npm ERR! 404 It was specified as a dependency of &apos;secure-kiosk-app&apos;
npm ERR! 404 
npm ERR! 404 Note that you can also install from a
npm ERR! 404 tarball, folder, or http url, or git url.

npm ERR! System Windows_NT 6.2.9200
npm ERR! command &quot;node&quot; &quot;C:\\Program Files (x86)\\npm\\1.4.28\\node_modules\\npm\\bin\\npm-cli.js&quot; &quot;install&quot; &quot;--production&quot;
npm ERR! cwd C:\home\site\wwwroot
npm ERR! node -v v0.10.40
npm ERR! npm -v 1.4.28
npm ERR! code E404
C:\Program Files (x86)\SiteExtensions\Kudu\2025.09.1.1\bin\Scripts\starter.cmd &quot;C:\home\site\deployments\tools\deploy.cmd&quot;" stackTrace="   at Kudu.Core.Infrastructure.Executable.ExecuteInternal(ITracer tracer, Func`2 onWriteOutput, Func`2 onWriteError, Encoding encoding, String arguments, Object[] args)
   at Kudu.Core.Infrastructure.Executable.ExecuteWithProgressWriter(ILogger logger, ITracer tracer, String arguments, Object[] args)
   at Kudu.Core.Deployment.Generator.ExternalCommandBuilder.RunCommand(DeploymentContext context, String command, Boolean ignoreManifest, String message)
   at Kudu.Core.Deployment.Generator.GeneratorSiteBuilder.Build(DeploymentContext context)
--- End of stack trace from previous location where exception was thrown ---
   at System.Runtime.CompilerServices.TaskAwaiter.ThrowForNonSuccess(Task task)
   at System.Runtime.CompilerServices.TaskAwaiter.HandleNonSuccessAndDebuggerNotification(Task task)
   at System.Runtime.CompilerServices.TaskAwaiter.ValidateEnd(Task task)
   at Kudu.Core.Deployment.DeploymentManager.&lt;Build&gt;d__38.MoveNext()" /><!-- duration: 0ms -->
      <step title="Deployment Failed. DEPLOYMENTINFO: deploymentPath = ZipDeploy. Extract zip. Remote build. , deployer = ZipDeploy, os = windows, sku = PremiumV2, siteName = app-play-et-trivia-toronto-hub-dev, siteHostName = app-play-et-trivia-toronto-hub-dev.azurewebsites.net, deploymentStatus = Failed" date="2025-09-21T18:05:19.682" /><!-- duration: 0ms -->
    </step><!-- duration: 4750ms -->
    <step title="Cleaning up temp files" date="2025-09-21T18:05:19.698" /><!-- duration: 0ms -->
  </step><!-- duration: 5375ms -->
  <step title="LockFile &apos;C:\home\site\locks\deployments.lock&apos; released" date="2025-09-21T18:05:19.729" /><!-- duration: 16ms -->
  <step title="Deleting shutdown sentinel file" date="2025-09-21T18:05:19.761" SemaphoreCount="8" /><!-- duration: 16ms -->
</step><!-- duration: 5532ms -->
