<step title="Incoming Request" date="2025-09-21T18:05:13.729" instance="ae54c9" url="/api/zipdeploy?isAsync=true" method="POST" type="request" pid="7496,2,8" Content-Length="463972" Content-Type="application/octet-stream" Accept="application/json" Accept-Encoding="gzip" Authorization="Bea..." Host="app-play-et-trivia-toronto-hub-dev.scm.azurewebsites.net" User-Agent="azsdk-go-zip-deploy/1.0.0 (go1.25.0 X:loopvar; Windows_NT),azdev/1.19.0 (Go go1.25.0 X:loopvar; windows/amd64)" x-ms-correlation-request-id="660ab6318ff36881851cb5c10d5b1f77" X-ARR-LOG-ID="660ab631-8ff3-6881-851c-b5c10d5b1f77" CLIENT-IP="174.91.160.78:52479" X-SITE-DEPLOYMENT-ID="app-play-et-trivia-toronto-hub-dev" WAS-DEFAULT-HOSTNAME="app-play-et-trivia-toronto-hub-dev.scm.azurewebsites.net" X-Forwarded-Proto="https" X-AppService-Proto="https" X-Forwarded-TlsVersion="1.3" X-WAWS-Unencoded-URL="/api/zipdeploy?isAsync=true" >
  <step title="Cleanup Xml Logs" date="2025-09-21T18:05:13.745" /><!-- duration: 0ms -->
  <step title="ZipPushDeploy" date="2025-09-21T18:05:13.995" >
    <step title="ZipDeploy. Extract zip. Remote build. " date="2025-09-21T18:05:14.026" /><!-- duration: 0ms -->
    <step title="Starting PushDeployAsync" date="2025-09-21T18:05:14.026" /><!-- duration: 16ms -->
    <step title="Updating shutdown sentinel last write time" date="2025-09-21T18:05:14.120" SemaphoreCount="7" /><!-- duration: 16ms -->
    <step title="LockFile &apos;C:\home\site\locks\deployments.lock&apos; acquired" date="2025-09-21T18:05:14.135" /><!-- duration: 0ms -->
    <step title="Saving request content to C:\local\Temp\zipdeploy\oajmn0j5.zip" date="2025-09-21T18:05:14.135" >
      <step title="Total 463,972 bytes written to C:\local\Temp\zipdeploy\oajmn0j5.zip" date="2025-09-21T18:05:14.182" /><!-- duration: 0ms -->
    </step><!-- duration: 63ms -->
    <step title="LockFile &apos;C:\home\site\locks\deployments.lock&apos; released" date="2025-09-21T18:05:14.198" /><!-- duration: 0ms -->
    <step title="Deleting shutdown sentinel file" date="2025-09-21T18:05:14.213" SemaphoreCount="8" /><!-- duration: 0ms -->
    <step title="Starting FetchDeploy" date="2025-09-21T18:05:14.213" /><!-- duration: 16ms -->
    <step title="Start deployment in the background" date="2025-09-21T18:05:14.229" /><!-- duration: 109ms -->
  </step><!-- duration: 359ms -->
  <step title="Outgoing response" date="2025-09-21T18:05:14.401" type="response" statusCode="202" statusText="Accepted" Server="Microsoft-IIS/10.0" x-ms-request-id="660ab631-8ff3-6881-851c-b5c10d5b1f77" Retry-After="30" Cache-Control="private" X-AspNet-Version="4.0.30319" Location="https://app-play-et-trivia-toronto-hub-dev.scm.azurewebsites.net/api/deployments/latest?deployer=ZipDeploy&amp;time=2025-09-21_18-05-14Z" /><!-- duration: 16ms -->
</step><!-- duration: 703ms -->
<step title="Starting LocalZipFetch" date="2025-09-21T18:05:14.463" instance="ae54c9" 