<step title="Incoming Request" date="2025-09-21T17:59:52.016" instance="ae54c9" url="/api/zipdeploy?isAsync=true" method="POST" type="request" pid="3336,2,9" Content-Length="463970" Content-Type="application/octet-stream" Accept="application/json" Accept-Encoding="gzip" Authorization="Bea..." Host="app-play-et-trivia-toronto-hub-dev.scm.azurewebsites.net" User-Agent="azsdk-go-zip-deploy/1.0.0 (go1.25.0 X:loopvar; Windows_NT),azdev/1.19.0 (Go go1.25.0 X:loopvar; windows/amd64)" x-ms-correlation-request-id="8c4951fea82f5afbbc95ef5f77bb9599" X-ARR-LOG-ID="8c4951fe-a82f-5afb-bc95-ef5f77bb9599" CLIENT-IP="174.91.160.78:52195" X-SITE-DEPLOYMENT-ID="app-play-et-trivia-toronto-hub-dev" WAS-DEFAULT-HOSTNAME="app-play-et-trivia-toronto-hub-dev.scm.azurewebsites.net" X-Forwarded-Proto="https" X-AppService-Proto="https" X-Forwarded-TlsVersion="1.3" X-WAWS-Unencoded-URL="/api/zipdeploy?isAsync=true" >
  <step title="Cleanup Xml Logs" date="2025-09-21T17:59:52.016" /><!-- duration: 0ms -->
  <step title="ZipPushDeploy" date="2025-09-21T17:59:52.641" >
    <step title="ZipDeploy. Extract zip. Remote build. " date="2025-09-21T17:59:52.688" /><!-- duration: 16ms -->
    <step title="Starting PushDeployAsync" date="2025-09-21T17:59:52.704" /><!-- duration: 0ms -->
    <step title="Updating shutdown sentinel last write time" date="2025-09-21T17:59:52.782" SemaphoreCount="7" /><!-- duration: 0ms -->
    <step title="LockFile &apos;C:\home\site\locks\deployments.lock&apos; acquired" date="2025-09-21T17:59:52.782" /><!-- duration: 0ms -->
    <step title="Saving request content to C:\local\Temp\zipdeploy\pyojqidv.zip" date="2025-09-21T17:59:52.797" >
      <step title="Total 463,970 bytes written to C:\local\Temp\zipdeploy\pyojqidv.zip" date="2025-09-21T17:59:52.844" /><!-- duration: 0ms -->
    </step><!-- duration: 47ms -->
    <step title="LockFile &apos;C:\home\site\locks\deployments.lock&apos; released" date="2025-09-21T17:59:52.844" /><!-- duration: 0ms -->
    <step title="Deleting shutdown sentinel file" date="2025-09-21T17:59:52.860" SemaphoreCount="8" /><!-- duration: 0ms -->
    <step title="Starting FetchDeploy" date="2025-09-21T17:59:52.860" /><!-- duration: 16ms -->
    <step title="Start deployment in the background" date="2025-09-21T17:59:52.876" >
      <step title="Starting LocalZipFetch" date="2025-09-21T17:59:53.047" /><!-- duration: 0ms -->
    </step><!-- duration: 873ms -->
  </step><!-- duration: 1108ms -->
  <step title="Outgoing response" date="2025-09-21T17:59:58.937" type="response" statusCode="202" statusText="Accepted" Server="Microsoft-IIS/10.0" x-ms-request-id="8c4951fe-a82f-5afb-bc95-ef5f77bb9599" Retry-After="30" Cache-Control="private" X-AspNet-Version="4.0.30319" Location="https://app-play-et-trivia-toronto-hub-dev.scm.azurewebsites.net/api/deployments/latest?deployer=ZipDeploy&amp;time=2025-09-21_17-59-53Z" /><!-- duration: 0ms -->
</step><!-- duration: 6921ms -->
