<step title="Incoming Request" date="2025-09-21T18:17:02.095" instance="ae54c9" url="/api/zipdeploy?isAsync=true" method="POST" type="request" pid="1772,3,8" Content-Length="464239" Content-Type="application/octet-stream" Accept="application/json" Accept-Encoding="gzip" Authorization="Bea..." Host="app-play-et-trivia-toronto-hub-dev.scm.azurewebsites.net" User-Agent="azsdk-go-zip-deploy/1.0.0 (go1.25.0 X:loopvar; Windows_NT),azdev/1.19.0 (Go go1.25.0 X:loopvar; windows/amd64)" x-ms-correlation-request-id="284de4f0efc63de0d7ab54cfa28ef036" X-ARR-LOG-ID="284de4f0-efc6-3de0-d7ab-54cfa28ef036" CLIENT-IP="174.91.160.78:53089" X-SITE-DEPLOYMENT-ID="app-play-et-trivia-toronto-hub-dev" WAS-DEFAULT-HOSTNAME="app-play-et-trivia-toronto-hub-dev.scm.azurewebsites.net" X-Forwarded-Proto="https" X-AppService-Proto="https" X-Forwarded-TlsVersion="1.3" X-WAWS-Unencoded-URL="/api/zipdeploy?isAsync=true" >
  <step title="ZipPushDeploy" date="2025-09-21T18:17:02.126" >
    <step title="ZipDeploy. Extract zip. Remote build. " date="2025-09-21T18:17:02.142" /><!-- duration: 0ms -->
    <step title="Starting PushDeployAsync" date="2025-09-21T18:17:02.157" /><!-- duration: 0ms -->
    <step title="Updating shutdown sentinel last write time" date="2025-09-21T18:17:02.204" SemaphoreCount="7" /><!-- duration: 0ms -->
    <step title="LockFile &apos;C:\home\site\locks\deployments.lock&apos; acquired" date="2025-09-21T18:17:02.220" /><!-- duration: 0ms -->
    <step title="Saving request content to C:\local\Temp\zipdeploy\fvdmv242.zip" date="2025-09-21T18:17:02.235" >
      <step title="Total 464,239 bytes written to C:\local\Temp\zipdeploy\fvdmv242.zip" date="2025-09-21T18:17:02.267" /><!-- duration: 16ms -->
    </step><!-- duration: 47ms -->
    <step title="LockFile &apos;C:\home\site\locks\deployments.lock&apos; released" date="2025-09-21T18:17:02.282" /><!-- duration: 0ms -->
    <step title="Deleting shutdown sentinel file" date="2025-09-21T18:17:02.298" SemaphoreCount="8" /><!-- duration: 0ms -->
    <step title="Starting FetchDeploy" date="2025-09-21T18:17:02.298" /><!-- duration: 0ms -->
    <step title="Start deployment in the background" date="2025-09-21T18:17:02.314" /><!-- duration: 94ms -->
  </step><!-- duration: 297ms -->
  <step title="Outgoing response" date="2025-09-21T18:17:02.439" type="response" statusCode="202" statusText="Accepted" Server="Microsoft-IIS/10.0" x-ms-request-id="284de4f0-efc6-3de0-d7ab-54cfa28ef036" Retry-After="30" Cache-Control="private" X-AspNet-Version="4.0.30319" Location="https://app-play-et-trivia-toronto-hub-dev.scm.azurewebsites.net/api/deployments/latest?deployer=ZipDeploy&amp;time=2025-09-21_18-17-02Z" /><!-- duration: 16ms -->
</step><!-- duration: 359ms -->
