<step title="BackgroundTrace" date="2025-09-21T17:59:52.876" instance="ae54c9" url="/api/zipdeploy" method="POST" >
  <step title="Updating shutdown sentinel last write time" date="2025-09-21T17:59:52.891" SemaphoreCount="7" /><!-- duration: 0ms -->
  <step title="LockFile &apos;C:\home\site\locks\deployments.lock&apos; acquired" date="2025-09-21T17:59:52.891" /><!-- duration: 0ms -->
  <step title="Creating temporary deployment" date="2025-09-21T17:59:52.891" /><!-- duration: 63ms -->
  <step title="Performing fetch based deployment" date="2025-09-21T17:59:52.969" >
    <step title="Fetching changes." date="2025-09-21T17:59:53.016" /><!-- duration: 16ms -->
    <step title="Starting LocalZipHandler" date="2025-09-21T17:59:53.032" /><!-- duration: 16ms -->
    <step title="Cleaning up temp folders from previous zip deployments and extracting pushed zip file C:\local\Temp\zipdeploy\pyojqidv.zip (0.44 MB) to C:\local\Temp\zipdeploy\extracted" date="2025-09-21T17:59:53.063" /><!-- duration: 0ms -->
    <step title="Cleaning up temp folders from previous zip deployments and extracting pushed zip file C:\local\Temp\zipdeploy\pyojqidv.zip (0.44 MB) to C:\local\Temp\zipdeploy\extracted" date="2025-09-21T17:59:53.063" >
      <step title="Extracting 138 entries to C:\local\Temp\zipdeploy\extracted directory" date="2025-09-21T17:59:53.796" >
        <step title="Extracting to C:\local\Temp\zipdeploy\extracted\.babelrc ..." date="2025-09-21T17:59:53.796" /><!-- duration: 16ms -->
        <step title="Extracting to C:\local\Temp\zipdeploy\extracted\.deployment ..." date="2025-09-21T17:59:53.827" /><!-- duration: 0ms -->
        <step title="Extracting to C:\local\Temp\zipdeploy\extracted\.env ..." date="2025-09-21T17:59:53.827" /><!-- duration: 0ms -->
        <step title="Extracting to C:\local\Temp\zipdeploy\extracted\.env.example ..." date="2025-09-21T17:59:53.843" /><!-- duration: 0ms -->
        <step title="Extracting to C:\local\Temp\zipdeploy\extracted\.git\COMMIT_EDITMSG ..." date="2025-09-21T17:59:53.843" /><!-- duration: 0ms -->
        <step title="Omitting extracting file traces ..." date="2025-09-21T17:59:53.843" /><!-- duration: 16ms -->
        <step title="Extracting to C:\local\Temp\zipdeploy\extracted\src\index.js ..." date="2025-09-21T17:59:54.030" /><!-- duration: 16ms -->
        <step title="Extracting to C:\local\Temp\zipdeploy\extracted\src\styles.css ..." date="2025-09-21T17:59:54.046" /><!-- duration: 0ms -->
        <step title="Extracting to C:\local\Temp\zipdeploy\extracted\web.config ..." date="2025-09-21T17:59:54.046" /><!-- duration: 16ms -->
        <step title="Extracting to C:\local\Temp\zipdeploy\extracted\webapp-logs.zip ..." date="2025-09-21T17:59:54.061" /><!-- duration: 16ms -->
        <step title="Extracting to C:\local\Temp\zipdeploy\extracted\webpack.config.js ..." date="2025-09-21T17:59:54.077" /><!-- duration: 0ms -->
      </step><!-- duration: 297ms -->
    </step><!-- duration: 1030ms -->
    <step title="Before sending BuildRequestReceived status to /api/updatedeploystatus" date="2025-09-21T17:59:54.093" /><!-- duration: 16ms -->
    <step title="DeploymentManager.Deploy(id:a3d2eb4559a94399b7bd44eeeae0d668)" date="2025-09-21T17:59:54.108" >
      <step title="Collecting changeset information" date="2025-09-21T17:59:54.124" /><!-- duration: 31ms -->
      <step title="Updating submodules" date="2025-09-21T17:59:54.171" >
        <step title="Updating submodules." date="2025-09-21T17:59:54.218" /><!-- duration: 0ms -->
      </step><!-- duration: 47ms -->
      <step title="Preparing deployment for commit id &apos;a3d2eb4559&apos;." date="2025-09-21T17:59:54.249" /><!-- duration: 16ms -->
      <step title="Determining deployment builder" date="2025-09-21T17:59:54.296" >
        <step title="UseMSBuild16: True" date="2025-09-21T17:59:54.296" /><!-- duration: 16ms -->
        <step title="Builder is NodeSiteBuilder" date="2025-09-21T17:59:54.343" /><!-- duration: 0ms -->
      </step><!-- duration: 47ms -->
      <step title="Copying SSH keys" date="2025-09-21T17:59:54.374" /><!-- duration: 0ms -->
      <step title="Building" date="2025-09-21T17:59:54.374" >
        <step title="Generating deployment script." date="2025-09-21T17:59:54.405" /><!-- duration: 0ms -->
        <step title="Generating deployment script" date="2025-09-21T17:59:54.405" >
          <step title="Using cached version of the deployment script for command: -y --no-dot-deployment -r &quot;C:\local\Temp\zipdeploy\extracted&quot; -o &quot;C:\home\site\deployments\tools&quot; --node --sitePath &quot;C:\local\Temp\zipdeploy\extracted&quot;" date="2025-09-21T17:59:54.468" /><!-- duration: 16ms -->
          <step title="Using cached version of deployment script (command: &apos;azure -y --no-dot-deployment -r &quot;C:\local\Temp\zipdeploy\extracted&quot; -o &quot;C:\home\site\deployments\tools&quot; --node --sitePath &quot;C:\local\Temp\zipdeploy\extracted&quot;&apos;)." date="2025-09-21T17:59:54.483" /><!-- duration: 0ms -->
        </step><!-- duration: 78ms -->
        <step title="Running deployment command..." date="2025-09-21T17:59:54.515" /><!-- duration: 0ms -->
        <step title="Command: &quot;C:\home\site\deployments\tools\deploy.cmd&quot;" date="2025-09-21T17:59:54.530" /><!-- duration: 0ms -->
        <step title="Executing external process" date="2025-09-21T17:59:54.749" type="process" path="starter.cmd" arguments="&quot;C:\home\site\deployments\tools\deploy.cmd&quot;" >
          <step title="Handling node.js deployment." date="2025-09-21T17:59:57.546" /><!-- duration: 31ms -->
          <step title="Creating app_offline.htm" date="2025-09-21T17:59:57.843" /><!-- duration: 0ms -->
          <step title="KuduSync.NET from: &apos;C:\local\Temp\zipdeploy\extracted&apos; to: &apos;C:\home\site\wwwroot&apos;" date="2025-09-21T17:59:57.843" /><!-- duration: 0ms -->
          <step title="Copying file: &apos;.babelrc&apos;" date="2025-09-21T17:59:57.859" /><!-- duration: 0ms -->
          <step title="Copying file: &apos;.env&apos;" date="2025-09-21T17:59:57.859" /><!-- duration: 0ms -->
          <step title="Copying file: &apos;.env.example&apos;" date="2025-09-21T17:59:57.874" /><!-- duration: 0ms -->
          <step title="Copying file: &apos;.gitignore&apos;" date="2025-09-21T17:59:57.874" /><!-- duration: 16ms -->
          <step title="Copying file: &apos;azure.yaml&apos;" date="2025-09-21T17:59:57.890" /><!-- duration: 0ms -->
          <step title="Copying file: &apos;AZURE_DEPLOYMENT.md&apos;" date="2025-09-21T17:59:57.890" /><!-- duration: 16ms -->
          <step title="Copying file: &apos;deploy-to-azure.ps1&apos;" date="2025-09-21T17:59:57.906" /><!-- duration: 0ms -->
          <step title="Copying file: &apos;package-lock.json&apos;" date="2025-09-21T17:59:57.921" /><!-- duration: 0ms -->
          <step title="Copying file: &apos;package.json&apos;" date="2025-09-21T17:59:57.937" /><!-- duration: 0ms -->
          <step title="Copying file: &apos;README.md&apos;" date="2025-09-21T17:59:57.952" /><!-- duration: 0ms -->
          <step title="Copying file: &apos;webapp-logs.zip&apos;" date="2025-09-21T17:59:57.952" /><!-- duration: 16ms -->
          <step title="Copying file: &apos;webpack.config.js&apos;" date="2025-09-21T17:59:57.968" /><!-- duration: 0ms -->
          <step title="Copying file: &apos;dist\bundle.js&apos;" date="2025-09-21T17:59:57.984" /><!-- duration: 0ms -->
          <step title="Copying file: &apos;dist\bundle.js.LICENSE.txt&apos;" date="2025-09-21T17:59:58.015" /><!-- duration: 0ms -->
          <step title="Copying file: &apos;dist\index.html&apos;" date="2025-09-21T17:59:58.093" /><!-- duration: 0ms -->
          <step title="Copying file: &apos;infra\main-resources.bicep&apos;" date="2025-09-21T17:59:58.124" /><!-- duration: 0ms -->
          <step title="Copying file: &apos;infra\main.bicep&apos;" date="2025-09-21T17:59:58.140" /><!-- duration: 0ms -->
          <step title="Copying file: &apos;infra\main.parameters.json&apos;" date="2025-09-21T17:59:58.156" /><!-- duration: 0ms -->
          <step title="Copying file: &apos;scripts\setup.js&apos;" date="2025-09-21T17:59:58.171" /><!-- duration: 0ms -->
          <step title="Copying file: &apos;server\index.js&apos;" date="2025-09-21T17:59:58.187" /><!-- duration: 0ms -->
          <step title="Copying file: &apos;src\App.js&apos;" date="2025-09-21T17:59:58.202" /><!-- duration: 16ms -->
          <step title="Copying file: &apos;src\index.html&apos;" date="2025-09-21T17:59:58.218" /><!-- duration: 0ms -->
          <step title="Copying file: &apos;src\index.js&apos;" date="2025-09-21T17:59:58.218" /><!-- duration: 16ms -->
          <step title="Copying file: &apos;src\styles.css&apos;" date="2025-09-21T17:59:58.234" /><!-- duration: 0ms -->
          <step title="Copying file: &apos;web.config&apos;" date="2025-09-21T17:59:58.234" /><!-- duration: 16ms -->
          <step title="Deleting app_offline.htm" date="2025-09-21T17:59:58.249" /><!-- duration: 0ms -->
          <step title="Using start-up script server/index.js from package.json." date="2025-09-21T17:59:58.249" /><!-- duration: 0ms -->
          <step title="The package.json file does not specify node.js engine version constraints." date="2025-09-21T17:59:58.265" /><!-- duration: 0ms -->
          <step title="The node.js application will run with the default node.js version 20.15.1." date="2025-09-21T17:59:58.265" /><!-- duration: 0ms -->
          <step title="Selected npm version null" date="2025-09-21T17:59:58.281" /><!-- duration: 0ms -->
          <step title="One or more of the selected node/npm paths do not exist." date="2025-09-21T17:59:58.281" /><!-- duration: 0ms -->
          <step title="Failed exitCode=1, command=&quot;node&quot; &quot;C:\Program Files (x86)\npm\1.4.28\node_modules\npm\bin\npm-cli.js&quot; install --production" date="2025-09-21T17:59:58.906" /><!-- duration: 0ms -->
          <step title="An error has occurred during web site deployment." date="2025-09-21T17:59:58.906" /><!-- duration: 0ms -->
          <step title="npm WARN package.json secure-kiosk-app@1.0.0 No repository field." date="2025-09-21T17:59:58.921" /><!-- duration: 0ms -->
          <step title="npm WARN package.json launch-editor@2.11.1 No README data" date="2025-09-21T17:59:58.937" /><!-- duration: 0ms -->
          <step title="npm WARN package.json events@3.3.0 events is also the name of a node core module." date="2025-09-21T17:59:58.937" /><!-- duration: 0ms -->
          <step title="npm WARN package.json require-from-string@2.0.2 keywords should be an array of strings" date="2025-09-21T17:59:58.953" /><!-- duration: 0ms -->
          <step title="npm WARN package.json spawn-command@0.0.2 No repository field." date="2025-09-21T17:59:58.953" /><!-- duration: 0ms -->
          <step title="npm WARN package.json string_decoder@1.3.0 string_decoder is also the name of a node core module." date="2025-09-21T17:59:58.968" /><!-- duration: 0ms -->
          <step title="npm ERR! 404 Not Found" date="2025-09-21T17:59:58.968" /><!-- duration: 0ms -->
          <step title="npm ERR! 404 " date="2025-09-21T17:59:58.968" /><!-- duration: 16ms -->
          <step title="npm ERR! 404 &apos;azure/msal-browser&apos; is not in the npm registry." date="2025-09-21T17:59:58.984" /><!-- duration: 0ms -->
          <step title="npm ERR! 404 You should bug the author to publish it" date="2025-09-21T17:59:58.999" /><!-- duration: 0ms -->
          <step title="npm ERR! 404 It was specified as a dependency of &apos;secure-kiosk-app&apos;" date="2025-09-21T17:59:58.999" /><!-- duration: 0ms -->
          <step title="npm ERR! 404 " date="2025-09-21T17:59:59.031" /><!-- duration: 0ms -->
          <step title="npm ERR! 404 Note that you can also install from a" date="2025-09-21T17:59:59.031" /><!-- duration: 0ms -->
          <step title="npm ERR! 404 tarball, folder, or http url, or git url." date="2025-09-21T17:59:59.046" /><!-- duration: 0ms -->
          <step title="npm ERR! System Windows_NT 6.2.9200" date="2025-09-21T17:59:59.046" /><!-- duration: 0ms -->
          <step title="npm ERR! command &quot;node&quot; &quot;C:\\Program Files (x86)\\npm\\1.4.28\\node_modules\\npm\\bin\\npm-cli.js&quot; &quot;install&quot; &quot;--production&quot;" date="2025-09-21T17:59:59.062" /><!-- duration: 0ms -->
          <step title="npm ERR! cwd C:\home\site\wwwroot" date="2025-09-21T17:59:59.062" /><!-- duration: 0ms -->
          <step title="npm ERR! node -v v0.10.40" date="2025-09-21T17:59:59.078" /><!-- duration: 0ms -->
          <step title="npm ERR! npm -v 1.4.28" date="2025-09-21T17:59:59.078" /><!-- duration: 16ms -->
          <step title="npm ERR! code E404" date="2025-09-21T17:59:59.093" /><!-- duration: 0ms -->
          <step title="Process dump" date="2025-09-21T17:59:59.093" exitCode="255" type="processOutput" /><!-- duration: 16ms -->
        </step><!-- duration: 4360ms -->
        <step title="npm WARN package.json secure-kiosk-app@1.0.0 No repository field.
npm WARN package.json launch-editor@2.11.1 No README data
npm WARN package.json events@3.3.0 events is also the name of a node core module.
npm WARN package.json require-from-string@2.0.2 keywords should be an array of strings
npm WARN package.json spawn-command@0.0.2 No repository field.
npm WARN package.json string_decoder@1.3.0 string_decoder is also the name of a node core module.
npm ERR! 404 Not Found
npm ERR! 404 
npm ERR! 404 &apos;azure/msal-browser&apos; is not in the npm registry.
npm ERR! 404 You should bug the author to publish it
npm ERR! 404 It was specified as a dependency of &apos;secure-kiosk-app&apos;
npm ERR! 404 
npm ERR! 404 Note that you can also install from a
npm ERR! 404 tarball, folder, or http url, or git url.

npm ERR! System Windows_NT 6.2.9200
npm ERR! command &quot;node&quot; &quot;C:\\Program Files (x86)\\npm\\1.4.28\\node_modules\\npm\\bin\\npm-cli.js&quot; &quot;install&quot; &quot;--production&quot;
npm ERR! cwd C:\home\site\wwwroot
npm ERR! node -v v0.10.40
npm ERR! npm -v 1.4.28
npm ERR! code E404
C:\Program Files (x86)\SiteExtensions\Kudu\2025.09.1.1\bin\Scripts\starter.cmd &quot;C:\home\site\deployments\tools\deploy.cmd&quot; DEPLOYMENTINFO: deploymentPath = ZipDeploy. Extract zip. Remote build. , deployer = ZipDeploy, os = windows, sku = PremiumV2, siteName = app-play-et-trivia-toronto-hub-dev, siteHostName = app-play-et-trivia-toronto-hub-dev.azurewebsites.net, deploymentStatus = Error" date="2025-09-21T17:59:59.109" /><!-- duration: 0ms -->
        <step title="Error occurred" date="2025-09-21T17:59:59.109" type="error" text="npm WARN package.json secure-kiosk-app@1.0.0 No repository field.
npm WARN package.json launch-editor@2.11.1 No README data
npm WARN package.json events@3.3.0 events is also the name of a node core module.
npm WARN package.json require-from-string@2.0.2 keywords should be an array of strings
npm WARN package.json spawn-command@0.0.2 No repository field.
npm WARN package.json string_decoder@1.3.0 string_decoder is also the name of a node core module.
npm ERR! 404 Not Found
npm ERR! 404 
npm ERR! 404 &apos;azure/msal-browser&apos; is not in the npm registry.
npm ERR! 404 You should bug the author to publish it
npm ERR! 404 It was specified as a dependency of &apos;secure-kiosk-app&apos;
npm ERR! 404 
npm ERR! 404 Note that you can also install from a
npm ERR! 404 tarball, folder, or http url, or git url.

npm ERR! System Windows_NT 6.2.9200
npm ERR! command &quot;node&quot; &quot;C:\\Program Files (x86)\\npm\\1.4.28\\node_modules\\npm\\bin\\npm-cli.js&quot; &quot;install&quot; &quot;--production&quot;
npm ERR! cwd C:\home\site\wwwroot
npm ERR! node -v v0.10.40
npm ERR! npm -v 1.4.28
npm ERR! code E404
C:\Program Files (x86)\SiteExtensions\Kudu\2025.09.1.1\bin\Scripts\starter.cmd &quot;C:\home\site\deployments\tools\deploy.cmd&quot;" stackTrace="   at Kudu.Core.Infrastructure.Executable.ExecuteInternal(ITracer tracer, Func`2 onWriteOutput, Func`2 onWriteError, Encoding encoding, String arguments, Object[] args)
   at Kudu.Core.Infrastructure.Executable.ExecuteWithProgressWriter(ILogger logger, ITracer tracer, String arguments, Object[] args)
   at Kudu.Core.Deployment.Generator.ExternalCommandBuilder.RunCommand(DeploymentContext context, String command, Boolean ignoreManifest, String message)" /><!-- duration: 16ms -->
      </step><!-- duration: 4829ms -->
      <step title="Error occurred" date="2025-09-21T17:59:59.203" type="error" text="npm WARN package.json secure-kiosk-app@1.0.0 No repository field.
npm WARN package.json launch-editor@2.11.1 No README data
npm WARN package.json events@3.3.0 events is also the name of a node core module.
npm WARN package.json require-from-string@2.0.2 keywords should be an array of strings
npm WARN package.json spawn-command@0.0.2 No repository field.
npm WARN package.json string_decoder@1.3.0 string_decoder is also the name of a node core module.
npm ERR! 404 Not Found
npm ERR! 404 
npm ERR! 404 &apos;azure/msal-browser&apos; is not in the npm registry.
npm ERR! 404 You should bug the author to publish it
npm ERR! 404 It was specified as a dependency of &apos;secure-kiosk-app&apos;
npm ERR! 404 
npm ERR! 404 Note that you can also install from a
npm ERR! 404 tarball, folder, or http url, or git url.

npm ERR! System Windows_NT 6.2.9200
npm ERR! command &quot;node&quot; &quot;C:\\Program Files (x86)\\npm\\1.4.28\\node_modules\\npm\\bin\\npm-cli.js&quot; &quot;install&quot; &quot;--production&quot;
npm ERR! cwd C:\home\site\wwwroot
npm ERR! node -v v0.10.40
npm ERR! npm -v 1.4.28
npm ERR! code E404
C:\Program Files (x86)\SiteExtensions\Kudu\2025.09.1.1\bin\Scripts\starter.cmd &quot;C:\home\site\deployments\tools\deploy.cmd&quot;" stackTrace="   at Kudu.Core.Infrastructure.Executable.ExecuteInternal(ITracer tracer, Func`2 onWriteOutput, Func`2 onWriteError, Encoding encoding, String arguments, Object[] args)
   at Kudu.Core.Infrastructure.Executable.ExecuteWithProgressWriter(ILogger logger, ITracer tracer, String arguments, Object[] args)
   at Kudu.Core.Deployment.Generator.ExternalCommandBuilder.RunCommand(DeploymentContext context, String command, Boolean ignoreManifest, String message)
   at Kudu.Core.Deployment.Generator.GeneratorSiteBuilder.Build(DeploymentContext context)
--- End of stack trace from previous location where exception was thrown ---
   at System.Runtime.CompilerServices.TaskAwaiter.ThrowForNonSuccess(Task task)
   at System.Runtime.CompilerServices.TaskAwaiter.HandleNonSuccessAndDebuggerNotification(Task task)
   at System.Runtime.CompilerServices.TaskAwaiter.ValidateEnd(Task task)
   at Kudu.Core.Deployment.DeploymentManager.&lt;Build&gt;d__38.MoveNext()" /><!-- duration: 0ms -->
      <step title="Deployment Failed. DEPLOYMENTINFO: deploymentPath = ZipDeploy. Extract zip. Remote build. , deployer = ZipDeploy, os = windows, sku = PremiumV2, siteName = app-play-et-trivia-toronto-hub-dev, siteHostName = app-play-et-trivia-toronto-hub-dev.azurewebsites.net, deploymentStatus = Failed" date="2025-09-21T17:59:59.218" /><!-- duration: 0ms -->
    </step><!-- duration: 5110ms -->
    <step title="Cleaning up temp files" date="2025-09-21T17:59:59.234" /><!-- duration: 0ms -->
  </step><!-- duration: 6296ms -->
  <step title="LockFile &apos;C:\home\site\locks\deployments.lock&apos; released" date="2025-09-21T17:59:59.265" /><!-- duration: 0ms -->
  <step title="Deleting shutdown sentinel file" date="2025-09-21T17:59:59.281" SemaphoreCount="8" /><!-- duration: 0ms -->
</step><!-- duration: 6405ms -->
