<step title="Incoming Request" date="2025-09-21T18:31:32.994" instance="ae54c9" url="/api/zipdeploy?isAsync=true" method="POST" type="request" pid="7744,3,5" Content-Length="464691" Content-Type="application/octet-stream" Accept="application/json" Accept-Encoding="gzip" Authorization="Bea..." Host="app-play-et-trivia-toronto-hub-dev.scm.azurewebsites.net" User-Agent="azsdk-go-zip-deploy/1.0.0 (go1.25.0 X:loopvar; Windows_NT),azdev/1.19.0 (Go go1.25.0 X:loopvar; windows/amd64)" x-ms-correlation-request-id="ceba3a147caa899f5573d11c95848776" X-ARR-LOG-ID="ceba3a14-7caa-899f-5573-d11c95848776" CLIENT-IP="174.91.160.78:53821" X-SITE-DEPLOYMENT-ID="app-play-et-trivia-toronto-hub-dev" WAS-DEFAULT-HOSTNAME="app-play-et-trivia-toronto-hub-dev.scm.azurewebsites.net" X-Forwarded-Proto="https" X-AppService-Proto="https" X-Forwarded-TlsVersion="1.3" X-WAWS-Unencoded-URL="/api/zipdeploy?isAsync=true" >
  <step title="Cleanup Xml Logs" date="2025-09-21T18:31:32.994" /><!-- duration: 0ms -->
  <step title="ZipPushDeploy" date="2025-09-21T18:31:33.010" >
    <step title="ZipDeploy. Extract zip. Remote build. " date="2025-09-21T18:31:33.010" /><!-- duration: 0ms -->
    <step title="Starting PushDeployAsync" date="2025-09-21T18:31:33.010" /><!-- duration: 0ms -->
    <step title="Updating shutdown sentinel last write time" date="2025-09-21T18:31:33.026" SemaphoreCount="7" /><!-- duration: 0ms -->
    <step title="LockFile &apos;C:\home\site\locks\deployments.lock&apos; acquired" date="2025-09-21T18:31:33.042" /><!-- duration: 0ms -->
    <step title="Saving request content to C:\local\Temp\zipdeploy\wyp5xik2.zip" date="2025-09-21T18:31:33.042" >
      <step title="Total 464,691 bytes written to C:\local\Temp\zipdeploy\wyp5xik2.zip" date="2025-09-21T18:31:33.042" /><!-- duration: 16ms -->
    </step><!-- duration: 31ms -->
    <step title="LockFile &apos;C:\home\site\locks\deployments.lock&apos; released" date="2025-09-21T18:31:33.073" /><!-- duration: 0ms -->
    <step title="Deleting shutdown sentinel file" date="2025-09-21T18:31:33.089" SemaphoreCount="8" /><!-- duration: 0ms -->
    <step title="Starting FetchDeploy" date="2025-09-21T18:31:33.089" /><!-- duration: 0ms -->
    <step title="Start deployment in the background" date="2025-09-21T18:31:33.089" /><!-- duration: 63ms -->
  </step><!-- duration: 141ms -->
  <step title="Outgoing response" date="2025-09-21T18:31:33.151" type="response" statusCode="202" statusText="Accepted" Server="Microsoft-IIS/10.0" x-ms-request-id="ceba3a14-7caa-899f-5573-d11c95848776" Retry-After="30" Cache-Control="private" X-AspNet-Version="4.0.30319" Location="https://app-play-et-trivia-toronto-hub-dev.scm.azurewebsites.net/api/deployments/latest?deployer=ZipDeploy&amp;time=2025-09-21_18-31-33Z" /><!-- duration: 16ms -->
</step><!-- duration: 172ms -->
