<step title="BackgroundTrace" date="2025-09-21T18:31:33.089" instance="ae54c9" url="/api/zipdeploy" method="POST" >
  <step title="Updating shutdown sentinel last write time" date="2025-09-21T18:31:33.104" SemaphoreCount="7" /><!-- duration: 0ms -->
  <step title="LockFile &apos;C:\home\site\locks\deployments.lock&apos; acquired" date="2025-09-21T18:31:33.104" /><!-- duration: 0ms -->
  <step title="Creating temporary deployment" date="2025-09-21T18:31:33.120" /><!-- duration: 31ms -->
  <step title="Performing fetch based deployment" date="2025-09-21T18:31:33.151" >
    <step title="Fetching changes." date="2025-09-21T18:31:33.198" /><!-- duration: 16ms -->
    <step title="Starting LocalZipHandler" date="2025-09-21T18:31:33.214" /><!-- duration: 0ms -->
    <step title="Cleaning up temp folders from previous zip deployments and extracting pushed zip file C:\local\Temp\zipdeploy\wyp5xik2.zip (0.44 MB) to C:\local\Temp\zipdeploy\extracted" date="2025-09-21T18:31:33.245" /><!-- duration: 0ms -->
    <step title="Cleaning up temp folders from previous zip deployments and extracting pushed zip file C:\local\Temp\zipdeploy\wyp5xik2.zip (0.44 MB) to C:\local\Temp\zipdeploy\extracted" date="2025-09-21T18:31:33.245" >
      <step title="Renaming extractTargetDirectory(C:\local\Temp\zipdeploy\extracted) to tempDirectory(C:\local\Temp\zipdeploy\c4rcd2bt.jsu)" date="2025-09-21T18:31:33.245" /><!-- duration: 16ms -->
      <step title="Extracting 140 entries to C:\local\Temp\zipdeploy\extracted directory" date="2025-09-21T18:31:33.354" >
        <step title="Extracting to C:\local\Temp\zipdeploy\extracted\.babelrc ..." date="2025-09-21T18:31:33.354" /><!-- duration: 16ms -->
        <step title="Extracting to C:\local\Temp\zipdeploy\extracted\.deployment ..." date="2025-09-21T18:31:33.370" /><!-- duration: 0ms -->
        <step title="Extracting to C:\local\Temp\zipdeploy\extracted\.env ..." date="2025-09-21T18:31:33.370" /><!-- duration: 0ms -->
        <step title="Extracting to C:\local\Temp\zipdeploy\extracted\.env.example ..." date="2025-09-21T18:31:33.386" /><!-- duration: 0ms -->
        <step title="Extracting to C:\local\Temp\zipdeploy\extracted\.git\COMMIT_EDITMSG ..." date="2025-09-21T18:31:33.386" /><!-- duration: 0ms -->
        <step title="Omitting extracting file traces ..." date="2025-09-21T18:31:33.401" /><!-- duration: 0ms -->
        <step title="Extracting to C:\local\Temp\zipdeploy\extracted\src\index.js ..." date="2025-09-21T18:31:33.573" /><!-- duration: 0ms -->
        <step title="Extracting to C:\local\Temp\zipdeploy\extracted\src\styles.css ..." date="2025-09-21T18:31:33.573" /><!-- duration: 0ms -->
        <step title="Extracting to C:\local\Temp\zipdeploy\extracted\web.config ..." date="2025-09-21T18:31:33.573" /><!-- duration: 16ms -->
        <step title="Extracting to C:\local\Temp\zipdeploy\extracted\webapp-logs.zip ..." date="2025-09-21T18:31:33.589" /><!-- duration: 0ms -->
        <step title="Extracting to C:\local\Temp\zipdeploy\extracted\webpack.config.js ..." date="2025-09-21T18:31:33.589" /><!-- duration: 16ms -->
      </step><!-- duration: 250ms -->
    </step><!-- duration: 359ms -->
    <step title="Before sending BuildRequestReceived status to /api/updatedeploystatus" date="2025-09-21T18:31:33.604" /><!-- duration: 16ms -->
    <step title="DeploymentManager.Deploy(id:b03affd5f2c24abda21d6d0aebe0f167)" date="2025-09-21T18:31:33.636" >
      <step title="Collecting changeset information" date="2025-09-21T18:31:33.651" /><!-- duration: 47ms -->
      <step title="Updating submodules" date="2025-09-21T18:31:33.698" >
        <step title="Updating submodules." date="2025-09-21T18:31:33.729" /><!-- duration: 0ms -->
      </step><!-- duration: 47ms -->
      <step title="Preparing deployment for commit id &apos;b03affd5f2&apos;." date="2025-09-21T18:31:33.792" /><!-- duration: 0ms -->
      <step title="Determining deployment builder" date="2025-09-21T18:31:33.823" >
        <step title="UseMSBuild16: True" date="2025-09-21T18:31:33.839" /><!-- duration: 0ms -->
        <step title="Builder is NodeSiteBuilder" date="2025-09-21T18:31:33.870" /><!-- duration: 0ms -->
      </step><!-- duration: 47ms -->
      <step title="Copying SSH keys" date="2025-09-21T18:31:33.886" /><!-- duration: 0ms -->
      <step title="Building" date="2025-09-21T18:31:33.886" >
        <step title="Generating deployment script." date="2025-09-21T18:31:33.917" /><!-- duration: 0ms -->
        <step title="Generating deployment script" date="2025-09-21T18:31:33.917" >
          <step title="Using cached version of the deployment script for command: -y --no-dot-deployment -r &quot;C:\local\Temp\zipdeploy\extracted&quot; -o &quot;C:\home\site\deployments\tools&quot; --node --sitePath &quot;C:\local\Temp\zipdeploy\extracted&quot;" date="2025-09-21T18:31:33.933" /><!-- duration: 16ms -->
          <step title="Using cached version of deployment script (command: &apos;azure -y --no-dot-deployment -r &quot;C:\local\Temp\zipdeploy\extracted&quot; -o &quot;C:\home\site\deployments\tools&quot; --node --sitePath &quot;C:\local\Temp\zipdeploy\extracted&quot;&apos;)." date="2025-09-21T18:31:33.948" /><!-- duration: 0ms -->
        </step><!-- duration: 31ms -->
        <step title="Running deployment command..." date="2025-09-21T18:31:33.995" /><!-- duration: 0ms -->
        <step title="Command: &quot;C:\home\site\deployments\tools\deploy.cmd&quot;" date="2025-09-21T18:31:34.011" /><!-- duration: 0ms -->
        <step title="Executing external process" date="2025-09-21T18:31:34.026" type="process" path="starter.cmd" arguments="&quot;C:\home\site\deployments\tools\deploy.cmd&quot;" >
          <step title="Handling node.js deployment." date="2025-09-21T18:31:34.214" /><!-- duration: 16ms -->
          <step title="Creating app_offline.htm" date="2025-09-21T18:31:34.479" /><!-- duration: 0ms -->
          <step title="KuduSync.NET from: &apos;C:\local\Temp\zipdeploy\extracted&apos; to: &apos;C:\home\site\wwwroot&apos;" date="2025-09-21T18:31:34.479" /><!-- duration: 16ms -->
          <step title="Copying file: &apos;package-lock.json&apos;" date="2025-09-21T18:31:34.495" /><!-- duration: 0ms -->
          <step title="Copying file: &apos;package.json&apos;" date="2025-09-21T18:31:34.495" /><!-- duration: 16ms -->
          <step title="Copying file: &apos;server.js&apos;" date="2025-09-21T18:31:34.511" /><!-- duration: 0ms -->
          <step title="Copying file: &apos;infra\main-resources.bicep&apos;" date="2025-09-21T18:31:34.526" /><!-- duration: 0ms -->
          <step title="Copying file: &apos;server\index.js&apos;" date="2025-09-21T18:31:34.526" /><!-- duration: 0ms -->
          <step title="Copying file: &apos;web.config&apos;" date="2025-09-21T18:31:34.526" /><!-- duration: 16ms -->
          <step title="Deleting app_offline.htm" date="2025-09-21T18:31:34.542" /><!-- duration: 0ms -->
          <step title="Using start-up script server.js from package.json." date="2025-09-21T18:31:34.698" /><!-- duration: 0ms -->
          <step title="Node.js versions available on the platform are: 0.6.20, 0.8.2, 0.8.19, 0.8.26, 0.8.27, 0.8.28, 0.10.5, 0.10.18, 0.10.21, 0.10.24, 0.10.26, 0.10.28, 0.10.29, 0.10.31, 0.10.32, 0.10.40, 4.0.0, 4.1.0, 4.1.2, 4.2.1, 4.2.2, 4.2.3, 4.2.4, 4.3.0, 4.3.2, 4.4.0, 4.4.1, 4.4.6, 4.4.7, 4.5.0, 4.6.0, 4.6.1, 4.8.4, 4.9.1, 5.0.0, 5.1.1, 5.3.0, 5.4.0, 5.5.0, 5.6.0, 5.7.0, 5.7.1, 5.8.0, 5.9.1, 6.0.0, 6.1.0, 6.2.2, 6.3.0, 6.5.0, 6.6.0, 6.7.0, 6.9.0, 6.9.1, 6.9.2, 6.9.4, 6.9.5, 6.10.0, 6.10.3, 6.11.1, 6.11.2, 6.11.5, 6.12.2, 6.12.3, 6.17.1, 8.0.0, 8.1.4, 8.4.0, 8.5.0, 8.7.0, 8.8.0, 8.8.1, 8.9.0, 8.9.3, 8.9.4, 8.10.0, 8.11.1, 8.17.0, 10.0.0, 10.6.0, 10.14.1, 10.15.2, 10.16.3, 10.19.0, 10.24.1, 12.13.0, 12.15.0, 12.18.0, 12.21.0, 12.22.12, 14.10.1, 14.15.0, 14.15.1, 14.16.0, 14.18.1, 14.20.0, 16.9.1, 16.13.0, 16.16.0, 18.3.0, 18.12.1, 18.19.1, 18.20.4, 18.20.7, 20.9.0, 20.18.3, 20.19.4, 22.5.1, 22.14.0, 22.17.1." date="2025-09-21T18:31:34.714" /><!-- duration: 0ms -->
          <step title="Selected node.js version 22.17.1. Use package.json file to choose a different version." date="2025-09-21T18:31:34.714" /><!-- duration: 0ms -->
          <step title="Selected npm version 11.5.1" date="2025-09-21T18:31:34.729" /><!-- duration: 0ms -->
          <step title="Updating iisnode.yml at C:\home\site\wwwroot\iisnode.yml" date="2025-09-21T18:31:34.745" /><!-- duration: 0ms -->
          <step title="npm warn config production Use `--omit=dev` instead." date="2025-09-21T18:31:35.089" /><!-- duration: 16ms -->
          <step title="up to date, audited 142 packages in 8s" date="2025-09-21T18:31:43.215" /><!-- duration: 0ms -->
          <step title="21 packages are looking for funding" date="2025-09-21T18:31:43.230" /><!-- duration: 0ms -->
          <step title="  run `npm fund` for details" date="2025-09-21T18:31:43.230" /><!-- duration: 0ms -->
          <step title="found 0 vulnerabilities" date="2025-09-21T18:31:43.246" /><!-- duration: 0ms -->
          <step title="Finished successfully." date="2025-09-21T18:31:43.324" /><!-- duration: 0ms -->
        </step><!-- duration: 9329ms -->
        <step title="Running post deployment command(s)..." date="2025-09-21T18:31:43.418" /><!-- duration: 0ms -->
        <step title="Triggering recycle (preview mode disabled)." date="2025-09-21T18:31:43.465" /><!-- duration: 0ms -->
        <step title="Ignoring FS watcher based recycle request as this is a classic Windows app." date="2025-09-21T18:31:43.465" /><!-- duration: 0ms -->
        <step title="Deployment successful. DEPLOYMENTINFO: deploymentPath = ZipDeploy. Extract zip. Remote build. , deployer = ZipDeploy, os = windows, sku = PremiumV2, siteName = app-play-et-trivia-toronto-hub-dev, siteHostName = app-play-et-trivia-toronto-hub-dev.azurewebsites.net, deploymentStatus = Success" date="2025-09-21T18:31:43.512" /><!-- duration: 0ms -->
      </step><!-- duration: 9704ms -->
    </step><!-- duration: 9970ms -->
    <step title="Cleaning up temp files" date="2025-09-21T18:31:43.606" /><!-- duration: 0ms -->
    <step title="Skip function trigger and logicapp sync because function is not enabled." date="2025-09-21T18:31:43.606" /><!-- duration: 16ms -->
  </step><!-- duration: 10501ms -->
  <step title="LockFile &apos;C:\home\site\locks\deployments.lock&apos; released" date="2025-09-21T18:31:43.652" /><!-- duration: 16ms -->
  <step title="Deleting shutdown sentinel file" date="2025-09-21T18:31:43.668" SemaphoreCount="8" /><!-- duration: 0ms -->
</step><!-- duration: 10595ms -->
