<step title="Incoming Request" date="2025-09-21T17:19:36.021" instance="ae54c9" url="/api/zipdeploy?isAsync=true" method="POST" type="request" pid="5816,2,14" Content-Length="417571" Content-Type="application/octet-stream" Accept="application/json" Accept-Encoding="gzip" Authorization="Bea..." Host="app-play-et-trivia-toronto-hub-dev.scm.azurewebsites.net" User-Agent="azsdk-go-zip-deploy/1.0.0 (go1.25.0 X:loopvar; Windows_NT),azdev/1.19.0 (Go go1.25.0 X:loopvar; windows/amd64)" x-ms-correlation-request-id="e07295a99719e5a5580eb95dd94acae8" X-ARR-LOG-ID="e07295a9-9719-e5a5-580e-b95dd94acae8" CLIENT-IP="174.91.160.78:49949" X-SITE-DEPLOYMENT-ID="app-play-et-trivia-toronto-hub-dev" WAS-DEFAULT-HOSTNAME="app-play-et-trivia-toronto-hub-dev.scm.azurewebsites.net" X-Forwarded-Proto="https" X-AppService-Proto="https" X-Forwarded-TlsVersion="1.3" X-WAWS-Unencoded-URL="/api/zipdeploy?isAsync=true" >
  <step title="Cleanup Xml Logs" date="2025-09-21T17:19:36.021" /><!-- duration: 0ms -->
  <step title="ZipPushDeploy" date="2025-09-21T17:19:36.803" >
    <step title="ZipDeploy. Extract zip. Remote build. " date="2025-09-21T17:19:36.834" /><!-- duration: 16ms -->
    <step title="Starting PushDeployAsync" date="2025-09-21T17:19:36.850" /><!-- duration: 0ms -->
    <step title="Updating shutdown sentinel last write time" date="2025-09-21T17:19:37.100" SemaphoreCount="7" /><!-- duration: 0ms -->
    <step title="LockFile &apos;C:\home\site\locks\deployments.lock&apos; acquired" date="2025-09-21T17:19:37.100" /><!-- duration: 0ms -->
    <step title="Saving request content to C:\local\Temp\zipdeploy\f2vjdogk.zip" date="2025-09-21T17:19:37.115" >
      <step title="Total 417,571 bytes written to C:\local\Temp\zipdeploy\f2vjdogk.zip" date="2025-09-21T17:19:37.162" /><!-- duration: 16ms -->
    </step><!-- duration: 63ms -->
    <step title="LockFile &apos;C:\home\site\locks\deployments.lock&apos; released" date="2025-09-21T17:19:37.178" /><!-- duration: 0ms -->
    <step title="Deleting shutdown sentinel file" date="2025-09-21T17:19:37.193" SemaphoreCount="8" /><!-- duration: 0ms -->
    <step title="Starting FetchDeploy" date="2025-09-21T17:19:37.193" /><!-- duration: 16ms -->
    <step title="Start deployment in the background" date="2025-09-21T17:19:37.209" >
      <step title="Starting LocalZipFetch" date="2025-09-21T17:19:38.100" /><!-- duration: 0ms -->
    </step><!-- duration: 1688ms -->
  </step><!-- duration: 2110ms -->
  <step title="Outgoing response" date="2025-09-21T17:19:40.116" type="response" statusCode="202" statusText="Accepted" Server="Microsoft-IIS/10.0" x-ms-request-id="e07295a9-9719-e5a5-580e-b95dd94acae8" Retry-After="30" Cache-Control="private" X-AspNet-Version="4.0.30319" Location="https://app-play-et-trivia-toronto-hub-dev.scm.azurewebsites.net/api/deployments/latest?deployer=ZipDeploy&amp;time=2025-09-21_17-19-38Z" /><!-- duration: 16ms -->
</step><!-- duration: 4110ms -->
