<step title="BackgroundTrace" date="2025-09-21T17:40:49.657" instance="ae54c9" url="/api/zipdeploy" method="POST" >
  <step title="Updating shutdown sentinel last write time" date="2025-09-21T17:40:49.673" SemaphoreCount="7" /><!-- duration: 0ms -->
  <step title="LockFile &apos;C:\home\site\locks\deployments.lock&apos; acquired" date="2025-09-21T17:40:49.673" /><!-- duration: 0ms -->
  <step title="Creating temporary deployment" date="2025-09-21T17:40:49.673" /><!-- duration: 47ms -->
  <step title="Performing fetch based deployment" date="2025-09-21T17:40:49.735" >
    <step title="Fetching changes." date="2025-09-21T17:40:49.798" /><!-- duration: 16ms -->
    <step title="Starting LocalZipHandler" date="2025-09-21T17:40:49.814" /><!-- duration: 0ms -->
    <step title="Cleaning up temp folders from previous zip deployments and extracting pushed zip file C:\local\Temp\zipdeploy\our1mc44.zip (0.41 MB) to C:\local\Temp\zipdeploy\extracted" date="2025-09-21T17:40:49.829" /><!-- duration: 0ms -->
    <step title="Cleaning up temp folders from previous zip deployments and extracting pushed zip file C:\local\Temp\zipdeploy\our1mc44.zip (0.41 MB) to C:\local\Temp\zipdeploy\extracted" date="2025-09-21T17:40:49.829" >
      <step title="Extracting 131 entries to C:\local\Temp\zipdeploy\extracted directory" date="2025-09-21T17:40:50.583" >
        <step title="Extracting to C:\local\Temp\zipdeploy\extracted\.babelrc ..." date="2025-09-21T17:40:50.599" /><!-- duration: 16ms -->
        <step title="Extracting to C:\local\Temp\zipdeploy\extracted\.deployment ..." date="2025-09-21T17:40:50.615" /><!-- duration: 0ms -->
        <step title="Extracting to C:\local\Temp\zipdeploy\extracted\.env ..." date="2025-09-21T17:40:50.615" /><!-- duration: 16ms -->
        <step title="Extracting to C:\local\Temp\zipdeploy\extracted\.env.example ..." date="2025-09-21T17:40:50.630" /><!-- duration: 0ms -->
        <step title="Extracting to C:\local\Temp\zipdeploy\extracted\.git\COMMIT_EDITMSG ..." date="2025-09-21T17:40:50.630" /><!-- duration: 0ms -->
        <step title="Omitting extracting file traces ..." date="2025-09-21T17:40:50.630" /><!-- duration: 16ms -->
        <step title="Extracting to C:\local\Temp\zipdeploy\extracted\src\index.html ..." date="2025-09-21T17:40:50.818" /><!-- duration: 16ms -->
        <step title="Extracting to C:\local\Temp\zipdeploy\extracted\src\index.js ..." date="2025-09-21T17:40:50.833" /><!-- duration: 0ms -->
        <step title="Extracting to C:\local\Temp\zipdeploy\extracted\src\styles.css ..." date="2025-09-21T17:40:50.833" /><!-- duration: 0ms -->
        <step title="Extracting to C:\local\Temp\zipdeploy\extracted\web.config ..." date="2025-09-21T17:40:50.849" /><!-- duration: 0ms -->
        <step title="Extracting to C:\local\Temp\zipdeploy\extracted\webpack.config.js ..." date="2025-09-21T17:40:50.849" /><!-- duration: 0ms -->
      </step><!-- duration: 266ms -->
    </step><!-- duration: 1020ms -->
    <step title="Before sending BuildRequestReceived status to /api/updatedeploystatus" date="2025-09-21T17:40:50.865" /><!-- duration: 0ms -->
    <step title="DeploymentManager.Deploy(id:b426e568e2164e8abdb9530cf3c7b97c)" date="2025-09-21T17:40:50.865" >
      <step title="Collecting changeset information" date="2025-09-21T17:40:50.880" /><!-- duration: 31ms -->
      <step title="Updating submodules" date="2025-09-21T17:40:50.912" >
        <step title="Updating submodules." date="2025-09-21T17:40:50.943" /><!-- duration: 0ms -->
      </step><!-- duration: 31ms -->
      <step title="Preparing deployment for commit id &apos;b426e568e2&apos;." date="2025-09-21T17:40:50.974" /><!-- duration: 16ms -->
      <step title="Determining deployment builder" date="2025-09-21T17:40:51.005" >
        <step title="Builder is CustomBuilder" date="2025-09-21T17:40:51.021" /><!-- duration: 0ms -->
      </step><!-- duration: 31ms -->
      <step title="Copying SSH keys" date="2025-09-21T17:40:51.037" /><!-- duration: 31ms -->
      <step title="Building" date="2025-09-21T17:40:51.068" >
        <step title="Running custom deployment command..." date="2025-09-21T17:40:51.099" /><!-- duration: 0ms -->
        <step title="Running deployment command..." date="2025-09-21T17:40:51.130" /><!-- duration: 0ms -->
        <step title="Command: deploy.cmd" date="2025-09-21T17:40:51.130" /><!-- duration: 16ms -->
        <step title="Executing external process" date="2025-09-21T17:40:51.568" type="process" path="starter.cmd" arguments="deploy.cmd" >
          <step title="&apos;deploy.cmd&apos; is not recognized as an internal or external command," date="2025-09-21T17:40:51.677" /><!-- duration: 0ms -->
          <step title="operable program or batch file." date="2025-09-21T17:40:51.693" /><!-- duration: 0ms -->
          <step title="Process dump" date="2025-09-21T17:40:51.693" exitCode="1" type="processOutput" /><!-- duration: 16ms -->
        </step><!-- duration: 141ms -->
        <step title="&apos;deploy.cmd&apos; is not recognized as an internal or external command,
operable program or batch file.
C:\Program Files (x86)\SiteExtensions\Kudu\2025.09.1.1\bin\Scripts\starter.cmd deploy.cmd DEPLOYMENTINFO: deploymentPath = ZipDeploy. Extract zip. Remote build. , deployer = ZipDeploy, os = windows, sku = PremiumV2, siteName = app-play-et-trivia-toronto-hub-dev, siteHostName = app-play-et-trivia-toronto-hub-dev.azurewebsites.net, deploymentStatus = Error" date="2025-09-21T17:40:51.724" /><!-- duration: 0ms -->
        <step title="Error occurred" date="2025-09-21T17:40:51.724" type="error" text="&apos;deploy.cmd&apos; is not recognized as an internal or external command,
operable program or batch file.
C:\Program Files (x86)\SiteExtensions\Kudu\2025.09.1.1\bin\Scripts\starter.cmd deploy.cmd" stackTrace="   at Kudu.Core.Infrastructure.Executable.ExecuteInternal(ITracer tracer, Func`2 onWriteOutput, Func`2 onWriteError, Encoding encoding, String arguments, Object[] args)
   at Kudu.Core.Infrastructure.Executable.ExecuteWithProgressWriter(ILogger logger, ITracer tracer, String arguments, Object[] args)
   at Kudu.Core.Deployment.Generator.ExternalCommandBuilder.RunCommand(DeploymentContext context, String command, Boolean ignoreManifest, String message)" /><!-- duration: 0ms -->
        <step title="Purge deployment items" date="2025-09-21T17:40:51.818" >
          <step title="Remove fb5b1f9c6, Failed, received at 9/21/2025 5:31:24 PM" date="2025-09-21T17:40:51.849" /><!-- duration: 16ms -->
        </step><!-- duration: 47ms -->
      </step><!-- duration: 797ms -->
      <step title="Error occurred" date="2025-09-21T17:40:51.865" type="error" text="&apos;deploy.cmd&apos; is not recognized as an internal or external command,
operable program or batch file.
C:\Program Files (x86)\SiteExtensions\Kudu\2025.09.1.1\bin\Scripts\starter.cmd deploy.cmd" stackTrace="   at Kudu.Core.Infrastructure.Executable.ExecuteInternal(ITracer tracer, Func`2 onWriteOutput, Func`2 onWriteError, Encoding encoding, String arguments, Object[] args)
   at Kudu.Core.Infrastructure.Executable.ExecuteWithProgressWriter(ILogger logger, ITracer tracer, String arguments, Object[] args)
   at Kudu.Core.Deployment.Generator.ExternalCommandBuilder.RunCommand(DeploymentContext context, String command, Boolean ignoreManifest, String message)
   at Kudu.Core.Deployment.Generator.CustomBuilder.Build(DeploymentContext context)
--- End of stack trace from previous location where exception was thrown ---
   at System.Runtime.CompilerServices.TaskAwaiter.ThrowForNonSuccess(Task task)
   at System.Runtime.CompilerServices.TaskAwaiter.HandleNonSuccessAndDebuggerNotification(Task task)
   at System.Runtime.CompilerServices.TaskAwaiter.ValidateEnd(Task task)
   at Kudu.Core.Deployment.DeploymentManager.&lt;Build&gt;d__38.MoveNext()" /><!-- duration: 0ms -->
      <step title="Deployment Failed. DEPLOYMENTINFO: deploymentPath = ZipDeploy. Extract zip. Remote build. , deployer = ZipDeploy, os = windows, sku = PremiumV2, siteName = app-play-et-trivia-toronto-hub-dev, siteHostName = app-play-et-trivia-toronto-hub-dev.azurewebsites.net, deploymentStatus = Failed" date="2025-09-21T17:40:51.880" /><!-- duration: 0ms -->
    </step><!-- duration: 1016ms -->
    <step title="Cleaning up temp files" date="2025-09-21T17:40:51.880" /><!-- duration: 0ms -->
  </step><!-- duration: 2192ms -->
  <step title="LockFile &apos;C:\home\site\locks\deployments.lock&apos; released" date="2025-09-21T17:40:51.927" /><!-- duration: 0ms -->
  <step title="Deleting shutdown sentinel file" date="2025-09-21T17:40:51.927" SemaphoreCount="8" /><!-- duration: 0ms -->
</step><!-- duration: 2286ms -->
