<step title="BackgroundTrace" date="2025-09-21T17:31:23.501" instance="ae54c9" url="/api/zipdeploy" method="POST" >
  <step title="Updating shutdown sentinel last write time" date="2025-09-21T17:31:23.517" SemaphoreCount="7" /><!-- duration: 0ms -->
  <step title="LockFile &apos;C:\home\site\locks\deployments.lock&apos; acquired" date="2025-09-21T17:31:23.532" /><!-- duration: 0ms -->
  <step title="Creating temporary deployment" date="2025-09-21T17:31:23.532" /><!-- duration: 47ms -->
  <step title="Performing fetch based deployment" date="2025-09-21T17:31:23.595" >
    <step title="Fetching changes." date="2025-09-21T17:31:23.689" /><!-- duration: 16ms -->
    <step title="Starting LocalZipHandler" date="2025-09-21T17:31:23.704" /><!-- duration: 0ms -->
    <step title="Cleaning up temp folders from previous zip deployments and extracting pushed zip file C:\local\Temp\zipdeploy\04robszi.zip (0.40 MB) to C:\local\Temp\zipdeploy\extracted" date="2025-09-21T17:31:23.720" /><!-- duration: 16ms -->
    <step title="Cleaning up temp folders from previous zip deployments and extracting pushed zip file C:\local\Temp\zipdeploy\04robszi.zip (0.40 MB) to C:\local\Temp\zipdeploy\extracted" date="2025-09-21T17:31:23.751" >
      <step title="Renaming extractTargetDirectory(C:\local\Temp\zipdeploy\extracted) to tempDirectory(C:\local\Temp\zipdeploy\3eplqgdu.0gj)" date="2025-09-21T17:31:23.751" /><!-- duration: 0ms -->
      <step title="Extracting 127 entries to C:\local\Temp\zipdeploy\extracted directory" date="2025-09-21T17:31:23.876" >
        <step title="Extracting to C:\local\Temp\zipdeploy\extracted\.babelrc ..." date="2025-09-21T17:31:23.876" /><!-- duration: 31ms -->
        <step title="Extracting to C:\local\Temp\zipdeploy\extracted\.deployment ..." date="2025-09-21T17:31:23.907" /><!-- duration: 0ms -->
        <step title="Extracting to C:\local\Temp\zipdeploy\extracted\.env ..." date="2025-09-21T17:31:23.907" /><!-- duration: 16ms -->
        <step title="Extracting to C:\local\Temp\zipdeploy\extracted\.env.example ..." date="2025-09-21T17:31:23.923" /><!-- duration: 0ms -->
        <step title="Extracting to C:\local\Temp\zipdeploy\extracted\.git\COMMIT_EDITMSG ..." date="2025-09-21T17:31:23.923" /><!-- duration: 16ms -->
        <step title="Omitting extracting file traces ..." date="2025-09-21T17:31:23.939" /><!-- duration: 0ms -->
        <step title="Extracting to C:\local\Temp\zipdeploy\extracted\src\index.html ..." date="2025-09-21T17:31:24.111" /><!-- duration: 0ms -->
        <step title="Extracting to C:\local\Temp\zipdeploy\extracted\src\index.js ..." date="2025-09-21T17:31:24.126" /><!-- duration: 0ms -->
        <step title="Extracting to C:\local\Temp\zipdeploy\extracted\src\styles.css ..." date="2025-09-21T17:31:24.126" /><!-- duration: 16ms -->
        <step title="Extracting to C:\local\Temp\zipdeploy\extracted\web.config ..." date="2025-09-21T17:31:24.142" /><!-- duration: 0ms -->
        <step title="Extracting to C:\local\Temp\zipdeploy\extracted\webpack.config.js ..." date="2025-09-21T17:31:24.142" /><!-- duration: 0ms -->
      </step><!-- duration: 266ms -->
    </step><!-- duration: 406ms -->
    <step title="Before sending BuildRequestReceived status to /api/updatedeploystatus" date="2025-09-21T17:31:24.157" /><!-- duration: 0ms -->
    <step title="DeploymentManager.Deploy(id:fb5b1f9c65734fb7a797dcdee9cb22a2)" date="2025-09-21T17:31:24.157" >
      <step title="Collecting changeset information" date="2025-09-21T17:31:24.189" /><!-- duration: 31ms -->
      <step title="Updating submodules" date="2025-09-21T17:31:24.236" >
        <step title="Updating submodules." date="2025-09-21T17:31:24.267" /><!-- duration: 0ms -->
      </step><!-- duration: 31ms -->
      <step title="Preparing deployment for commit id &apos;fb5b1f9c65&apos;." date="2025-09-21T17:31:24.329" /><!-- duration: 0ms -->
      <step title="Determining deployment builder" date="2025-09-21T17:31:24.361" >
        <step title="Builder is CustomBuilder" date="2025-09-21T17:31:24.376" /><!-- duration: 0ms -->
      </step><!-- duration: 16ms -->
      <step title="Copying SSH keys" date="2025-09-21T17:31:24.392" /><!-- duration: 16ms -->
      <step title="Building" date="2025-09-21T17:31:24.408" >
        <step title="Running custom deployment command..." date="2025-09-21T17:31:24.423" /><!-- duration: 0ms -->
        <step title="Running deployment command..." date="2025-09-21T17:31:24.454" /><!-- duration: 16ms -->
        <step title="Command: deploy.cmd" date="2025-09-21T17:31:24.470" /><!-- duration: 0ms -->
        <step title="Executing external process" date="2025-09-21T17:31:24.689" type="process" path="starter.cmd" arguments="deploy.cmd" >
          <step title="&apos;deploy.cmd&apos; is not recognized as an internal or external command," date="2025-09-21T17:31:24.783" /><!-- duration: 16ms -->
          <step title="operable program or batch file." date="2025-09-21T17:31:24.798" /><!-- duration: 0ms -->
          <step title="Process dump" date="2025-09-21T17:31:24.798" exitCode="1" type="processOutput" /><!-- duration: 0ms -->
        </step><!-- duration: 125ms -->
        <step title="&apos;deploy.cmd&apos; is not recognized as an internal or external command,
operable program or batch file.
C:\Program Files (x86)\SiteExtensions\Kudu\2025.09.1.1\bin\Scripts\starter.cmd deploy.cmd DEPLOYMENTINFO: deploymentPath = ZipDeploy. Extract zip. Remote build. , deployer = ZipDeploy, os = windows, sku = PremiumV2, siteName = app-play-et-trivia-toronto-hub-dev, siteHostName = app-play-et-trivia-toronto-hub-dev.azurewebsites.net, deploymentStatus = Error" date="2025-09-21T17:31:24.829" /><!-- duration: 0ms -->
        <step title="Error occurred" date="2025-09-21T17:31:24.829" type="error" text="&apos;deploy.cmd&apos; is not recognized as an internal or external command,
operable program or batch file.
C:\Program Files (x86)\SiteExtensions\Kudu\2025.09.1.1\bin\Scripts\starter.cmd deploy.cmd" stackTrace="   at Kudu.Core.Infrastructure.Executable.ExecuteInternal(ITracer tracer, Func`2 onWriteOutput, Func`2 onWriteError, Encoding encoding, String arguments, Object[] args)
   at Kudu.Core.Infrastructure.Executable.ExecuteWithProgressWriter(ILogger logger, ITracer tracer, String arguments, Object[] args)
   at Kudu.Core.Deployment.Generator.ExternalCommandBuilder.RunCommand(DeploymentContext context, String command, Boolean ignoreManifest, String message)" /><!-- duration: 0ms -->
        <step title="Purge deployment items" date="2025-09-21T17:31:24.908" >
          <step title="Remove 951e06990, Failed, received at 9/21/2025 5:19:39 PM" date="2025-09-21T17:31:24.939" /><!-- duration: 0ms -->
        </step><!-- duration: 47ms -->
      </step><!-- duration: 547ms -->
      <step title="Error occurred" date="2025-09-21T17:31:24.954" type="error" text="&apos;deploy.cmd&apos; is not recognized as an internal or external command,
operable program or batch file.
C:\Program Files (x86)\SiteExtensions\Kudu\2025.09.1.1\bin\Scripts\starter.cmd deploy.cmd" stackTrace="   at Kudu.Core.Infrastructure.Executable.ExecuteInternal(ITracer tracer, Func`2 onWriteOutput, Func`2 onWriteError, Encoding encoding, String arguments, Object[] args)
   at Kudu.Core.Infrastructure.Executable.ExecuteWithProgressWriter(ILogger logger, ITracer tracer, String arguments, Object[] args)
   at Kudu.Core.Deployment.Generator.ExternalCommandBuilder.RunCommand(DeploymentContext context, String command, Boolean ignoreManifest, String message)
   at Kudu.Core.Deployment.Generator.CustomBuilder.Build(DeploymentContext context)
--- End of stack trace from previous location where exception was thrown ---
   at System.Runtime.CompilerServices.TaskAwaiter.ThrowForNonSuccess(Task task)
   at System.Runtime.CompilerServices.TaskAwaiter.HandleNonSuccessAndDebuggerNotification(Task task)
   at System.Runtime.CompilerServices.TaskAwaiter.ValidateEnd(Task task)
   at Kudu.Core.Deployment.DeploymentManager.&lt;Build&gt;d__38.MoveNext()" /><!-- duration: 0ms -->
      <step title="Deployment Failed. DEPLOYMENTINFO: deploymentPath = ZipDeploy. Extract zip. Remote build. , deployer = ZipDeploy, os = windows, sku = PremiumV2, siteName = app-play-et-trivia-toronto-hub-dev, siteHostName = app-play-et-trivia-toronto-hub-dev.azurewebsites.net, deploymentStatus = Failed" date="2025-09-21T17:31:24.970" /><!-- duration: 0ms -->
    </step><!-- duration: 813ms -->
    <step title="Cleaning up temp files" date="2025-09-21T17:31:24.970" /><!-- duration: 0ms -->
  </step><!-- duration: 1406ms -->
  <step title="LockFile &apos;C:\home\site\locks\deployments.lock&apos; released" date="2025-09-21T17:31:25.001" /><!-- duration: 16ms -->
  <step title="Deleting shutdown sentinel file" date="2025-09-21T17:31:25.064" SemaphoreCount="8" /><!-- duration: 31ms -->
</step><!-- duration: 1594ms -->
