<step title="Incoming Request" date="2025-09-21T17:31:23.189" instance="ae54c9" url="/api/zipdeploy?isAsync=true" method="POST" type="request" pid="6412,2,10" Content-Length="421611" Content-Type="application/octet-stream" Accept="application/json" Accept-Encoding="gzip" Authorization="Bea..." Host="app-play-et-trivia-toronto-hub-dev.scm.azurewebsites.net" User-Agent="azsdk-go-zip-deploy/1.0.0 (go1.25.0 X:loopvar; Windows_NT),azdev/1.19.0 (Go go1.25.0 X:loopvar; windows/amd64)" x-ms-correlation-request-id="8ce62c76b965f077f2380534bfe8da60" X-ARR-LOG-ID="8ce62c76-b965-f077-f238-0534bfe8da60" CLIENT-IP="174.91.160.78:50629" X-SITE-DEPLOYMENT-ID="app-play-et-trivia-toronto-hub-dev" WAS-DEFAULT-HOSTNAME="app-play-et-trivia-toronto-hub-dev.scm.azurewebsites.net" X-Forwarded-Proto="https" X-AppService-Proto="https" X-Forwarded-TlsVersion="1.3" X-WAWS-Unencoded-URL="/api/zipdeploy?isAsync=true" >
  <step title="Cleanup Xml Logs" date="2025-09-21T17:31:23.189" /><!-- duration: 0ms -->
  <step title="ZipPushDeploy" date="2025-09-21T17:31:23.267" >
    <step title="ZipDeploy. Extract zip. Remote build. " date="2025-09-21T17:31:23.298" /><!-- duration: 16ms -->
    <step title="Starting PushDeployAsync" date="2025-09-21T17:31:23.314" /><!-- duration: 0ms -->
    <step title="Updating shutdown sentinel last write time" date="2025-09-21T17:31:23.392" SemaphoreCount="7" /><!-- duration: 0ms -->
    <step title="LockFile &apos;C:\home\site\locks\deployments.lock&apos; acquired" date="2025-09-21T17:31:23.407" /><!-- duration: 0ms -->
    <step title="Saving request content to C:\local\Temp\zipdeploy\04robszi.zip" date="2025-09-21T17:31:23.423" >
      <step title="Total 421,611 bytes written to C:\local\Temp\zipdeploy\04robszi.zip" date="2025-09-21T17:31:23.470" /><!-- duration: 0ms -->
    </step><!-- duration: 47ms -->
    <step title="LockFile &apos;C:\home\site\locks\deployments.lock&apos; released" date="2025-09-21T17:31:23.470" /><!-- duration: 0ms -->
    <step title="Deleting shutdown sentinel file" date="2025-09-21T17:31:23.486" SemaphoreCount="8" /><!-- duration: 0ms -->
    <step title="Starting FetchDeploy" date="2025-09-21T17:31:23.486" /><!-- duration: 16ms -->
    <step title="Start deployment in the background" date="2025-09-21T17:31:23.501" /><!-- duration: 94ms -->
  </step><!-- duration: 328ms -->
  <step title="Outgoing response" date="2025-09-21T17:31:23.611" type="response" statusCode="202" statusText="Accepted" Server="Microsoft-IIS/10.0" x-ms-request-id="8ce62c76-b965-f077-f238-0534bfe8da60" Retry-After="30" Cache-Control="private" X-AspNet-Version="4.0.30319" Location="https://app-play-et-trivia-toronto-hub-dev.scm.azurewebsites.net/api/deployments/latest?deployer=ZipDeploy&amp;time=2025-09-21_17-31-23Z" /><!-- duration: 16ms -->
</step><!-- duration: 438ms -->
