<step title="Incoming Request" date="2025-09-21T17:46:05.889" instance="ae54c9" url="/api/publish?async=true&amp;deployer=GITHUB_ONE_DEPLOY&amp;type=zip&amp;message=%7B%22type%22%3A%22deployment%22%2C%22sha%22%3A%22a6a70b9336b76f379fc6d61c2d11baf7c3c69e73%22%2C%22repoName%22%3A%22MTCMarkFranco%2Fmsal-passkey-force%22%2C%22actor%22%3A%22MTCMarkFranco%22%2C%22slotName%22%3A%22Production%22%2C%22commitMessage%22%3A%22Add%20or%20update%20the%20Azure%20App%20Service%20build%20and%20deployment%20workflow%20config%22%7D" method="POST" type="request" pid="7260,2,9" Transfer-Encoding="chunked" Content-Type="application/octet-stream" Authorization="Bea..." Cookie="ARRAffinity=ae54c9219fa1d70a4b9e9de4bdc251de31ebf95202ecf30f23964bad7487e5f2;Path=/;HttpOnly;Secure;Domain=app-play-et-trivia-toronto-hub-dev.scm.azurewebsites.net; ARRAffinitySameSite=ae54c9219fa1d70a4b9e9de4bdc251de31ebf95202ecf30f23964bad7487e5f2;Path=/;HttpOnly;SameSite=None;Secure;Domain=app-play-et-trivia-toronto-hub-dev.scm.azurewebsites.net" Host="app-play-et-trivia-toronto-hub-dev.scm.azurewebsites.net" User-Agent="GITHUBACTIONS_DeployWebAppToAzure_425a0d529124e8d5c5fab9ca257670bc58a0dd9e840d338e2baf92d2206824a8" X-ARR-LOG-ID="0b2ff553-d9dd-47ee-871a-a0ad54f10a88" CLIENT-IP="48.211.213.37:14337" X-SITE-DEPLOYMENT-ID="app-play-et-trivia-toronto-hub-dev" WAS-DEFAULT-HOSTNAME="app-play-et-trivia-toronto-hub-dev.scm.azurewebsites.net" X-Forwarded-Proto="https" X-AppService-Proto="https" X-Forwarded-TlsVersion="1.3" X-WAWS-Unencoded-URL="/api/publish?async=true&amp;deployer=GITHUB_ONE_DEPLOY&amp;type=zip&amp;message=%7B%22type%22%3A%22deployment%22%2C%22sha%22%3A%22a6a70b9336b76f379fc6d61c2d11baf7c3c69e73%22%2C%22repoName%22%3A%22MTCMarkFranco%2Fmsal-passkey-force%22%2C%22actor%22%3A%22MTCMarkFranco%22%2C%22slotName%22%3A%22Production%22%2C%22commitMessage%22%3A%22Add%20or%20update%20the%20Azure%20App%20Service%20build%20and%20deployment%20workflow%20config%22%7D" >
  <step title="Cleanup Xml Logs" date="2025-09-21T17:46:05.889" /><!-- duration: 0ms -->
  <step title="OneDeploy" date="2025-09-21T17:46:05.967" >
    <step title="Starting PushDeployAsync" date="2025-09-21T17:46:05.998" /><!-- duration: 16ms -->
    <step title="Updating shutdown sentinel last write time" date="2025-09-21T17:46:06.076" SemaphoreCount="7" /><!-- duration: 0ms -->
    <step title="LockFile &apos;C:\home\site\locks\deployments.lock&apos; acquired" date="2025-09-21T17:46:06.092" /><!-- duration: 16ms -->
    <step title="Saving request content to C:\local\Temp\zipdeploy\oyoxk4tg.zip" date="2025-09-21T17:46:06.107" >
      <step title="Total 28,762,107 bytes written to C:\local\Temp\zipdeploy\oyoxk4tg.zip" date="2025-09-21T17:46:07.405" /><!-- duration: 0ms -->
    </step><!-- duration: 1297ms -->
    <step title="LockFile &apos;C:\home\site\locks\deployments.lock&apos; released" date="2025-09-21T17:46:07.405" /><!-- duration: 16ms -->
    <step title="Deleting shutdown sentinel file" date="2025-09-21T17:46:07.420" SemaphoreCount="8" /><!-- duration: 0ms -->
    <step title="Starting FetchDeploy" date="2025-09-21T17:46:07.436" /><!-- duration: 0ms -->
    <step title="Start deployment in the background" date="2025-09-21T17:46:07.436" >
      <step title="Starting LocalZipFetch" date="2025-09-21T17:46:07.655" /><!-- duration: 0ms -->
    </step><!-- duration: 985ms -->
  </step><!-- duration: 2485ms -->
  <step title="Outgoing response" date="2025-09-21T17:46:12.280" type="response" statusCode="202" statusText="Accepted" Server="Microsoft-IIS/10.0" x-ms-request-id="0b2ff553-d9dd-47ee-871a-a0ad54f10a88" Retry-After="30" Cache-Control="private" X-AspNet-Version="4.0.30319" Location="https://app-play-et-trivia-toronto-hub-dev.scm.azurewebsites.net/api/deployments/latest?deployer=OneDeploy&amp;time=2025-09-21_17-46-08Z" /><!-- duration: 625ms -->
</step><!-- duration: 7438ms -->
