﻿<?xml version="1.0" encoding="utf-8"?>
<deployment>
  <id>a6a9ebc7939e478b842a0dc1e182b5da</id>
  <author>N/A</author>
  <deployer>ZipDeploy</deployer>
  <authorEmail>N/A</authorEmail>
  <message>Created via a push deployment</message>
  <progress></progress>
  <status>Success</status>
  <statusText></statusText>
  <lastSuccessEndTime>2025-09-21T18:27:45.5976804Z</lastSuccessEndTime>
  <receivedTime>2025-09-21T18:27:37.1280652Z</receivedTime>
  <startTime>2025-09-21T18:27:37.2843289Z</startTime>
  <endTime>2025-09-21T18:27:45.5976804Z</endTime>
  <complete>True</complete>
  <is_temp>False</is_temp>
  <is_readonly>True</is_readonly>
  <project_type>NODE.JS</project_type>
  <vsproject_id></vsproject_id>
</deployment>