<Events><Event><System><Provider Name=".NET Runtime"/><EventID>1000</EventID><Level>2</Level><Task>0</Task><Keywords>Keywords</Keywords><TimeCreated SystemTime="2025-09-21T17:14:10Z"/><EventRecordID>107905812</EventRecordID><Channel>Application</Channel><Computer>pd1sdwk001M6A</Computer><Security/></System><EventData><Data>Category: Microsoft.AspNetCore.DataProtection.KeyManagement.XmlKeyManager
EventId: 35

No XML encryptor configured. Key {fdfd42da-ea70-414f-82ef-26cefac7bb59} may be persisted to storage in unencrypted form.
</Data></EventData></Event><Event><System><Provider Name="IIS AspNetCore Module V2"/><EventID>1032</EventID><Level>4</Level><Task>0</Task><Keywords>Keywords</Keywords><TimeCreated SystemTime="2025-09-21T17:14:11Z"/><EventRecordID>107906703</EventRecordID><Channel>Application</Channel><Computer>pd1sdwk001M6A</Computer><Security/></System><EventData><Data>Application 'C:\Program Files (x86)\SiteExtensions\ApplicationInsightsAgent\2.8.47\ExtensionManager\' started successfully.</Data><Data>Process Id: 5816.</Data><Data>File Version: 13.1.22321.32. Description: IIS ASP.NET Core Module V2 Request Handler. Commit: 3eeb12e106b9e913c3a4dec1a7d16da7b74149eb</Data></EventData></Event><Event><System><Provider Name="IIS AspNetCore Module V2"/><EventID>1033</EventID><Level>4</Level><Task>0</Task><Keywords>Keywords</Keywords><TimeCreated SystemTime="2025-09-21T17:26:59Z"/><EventRecordID>108674953</EventRecordID><Channel>Application</Channel><Computer>pd1sdwk001M6A</Computer><Security/></System><EventData><Data>Application 'MACHINE/WEBROOT/APPHOST/~1APP-PLAY-ET-TRIVIA-TORONTO-HUB-DEV/APPLICATIONINSIGHTS' has shutdown.</Data><Data>Process Id: 5816.</Data><Data>File Version: 13.1.22321.32. Description: IIS ASP.NET Core Module V2 Request Handler. Commit: 3eeb12e106b9e913c3a4dec1a7d16da7b74149eb</Data></EventData></Event><Event><System><Provider Name="IIS AspNetCore Module V2"/><EventID>1032</EventID><Level>4</Level><Task>0</Task><Keywords>Keywords</Keywords><TimeCreated SystemTime="2025-09-21T17:27:04Z"/><EventRecordID>108679578</EventRecordID><Channel>Application</Channel><Computer>pd1sdwk001M6A</Computer><Security/></System><EventData><Data>Application 'C:\Program Files (x86)\SiteExtensions\ApplicationInsightsAgent\2.8.47\ExtensionManager\' started successfully.</Data><Data>Process Id: 1704.</Data><Data>File Version: 13.1.22321.32. Description: IIS ASP.NET Core Module V2 Request Handler. Commit: 3eeb12e106b9e913c3a4dec1a7d16da7b74149eb</Data></EventData></Event><Event><System><Provider Name="IIS AspNetCore Module V2"/><EventID>1033</EventID><Level>4</Level><Task>0</Task><Keywords>Keywords</Keywords><TimeCreated SystemTime="2025-09-21T17:28:20Z"/><EventRecordID>108755484</EventRecordID><Channel>Application</Channel><Computer>pd1sdwk001M6A</Computer><Security/></System><EventData><Data>Application 'MACHINE/WEBROOT/APPHOST/~1APP-PLAY-ET-TRIVIA-TORONTO-HUB-DEV/APPLICATIONINSIGHTS' has shutdown.</Data><Data>Process Id: 1704.</Data><Data>File Version: 13.1.22321.32. Description: IIS ASP.NET Core Module V2 Request Handler. Commit: 3eeb12e106b9e913c3a4dec1a7d16da7b74149eb</Data></EventData></Event><Event><System><Provider Name="IIS AspNetCore Module V2"/><EventID>1032</EventID><Level>4</Level><Task>0</Task><Keywords>Keywords</Keywords><TimeCreated SystemTime="2025-09-21T17:28:24Z"/><EventRecordID>108759875</EventRecordID><Channel>Application</Channel><Computer>pd1sdwk001M6A</Computer><Security/></System><EventData><Data>Application 'C:\Program Files (x86)\SiteExtensions\ApplicationInsightsAgent\2.8.47\ExtensionManager\' started successfully.</Data><Data>Process Id: 600.</Data><Data>File Version: 13.1.22321.32. Description: IIS ASP.NET Core Module V2 Request Handler. Commit: 3eeb12e106b9e913c3a4dec1a7d16da7b74149eb</Data></EventData></Event><Event><System><Provider Name="IIS AspNetCore Module V2"/><EventID>1033</EventID><Level>4</Level><Task>0</Task><Keywords>Keywords</Keywords><TimeCreated SystemTime="2025-09-21T17:28:30Z"/><EventRecordID>108765515</EventRecordID><Channel>Application</Channel><Computer>pd1sdwk001M6A</Computer><Security/></System><EventData><Data>Application 'MACHINE/WEBROOT/APPHOST/~1APP-PLAY-ET-TRIVIA-TORONTO-HUB-DEV/APPLICATIONINSIGHTS' has shutdown.</Data><Data>Process Id: 600.</Data><Data>File Version: 13.1.22321.32. Description: IIS ASP.NET Core Module V2 Request Handler. Commit: 3eeb12e106b9e913c3a4dec1a7d16da7b74149eb</Data></EventData></Event><Event><System><Provider Name="IIS AspNetCore Module V2"/><EventID>1032</EventID><Level>4</Level><Task>0</Task><Keywords>Keywords</Keywords><TimeCreated SystemTime="2025-09-21T17:28:34Z"/><EventRecordID>108769968</EventRecordID><Channel>Application</Channel><Computer>pd1sdwk001M6A</Computer><Security/></System><EventData><Data>Application 'C:\Program Files (x86)\SiteExtensions\ApplicationInsightsAgent\2.8.47\ExtensionManager\' started successfully.</Data><Data>Process Id: 6412.</Data><Data>File Version: 13.1.22321.32. Description: IIS ASP.NET Core Module V2 Request Handler. Commit: 3eeb12e106b9e913c3a4dec1a7d16da7b74149eb</Data></EventData></Event><Event><System><Provider Name="IIS AspNetCore Module V2"/><EventID>1033</EventID><Level>4</Level><Task>0</Task><Keywords>Keywords</Keywords><TimeCreated SystemTime="2025-09-21T17:34:35Z"/><EventRecordID>109131140</EventRecordID><Channel>Application</Channel><Computer>pd1sdwk001M6A</Computer><Security/></System><EventData><Data>Application 'MACHINE/WEBROOT/APPHOST/~1APP-PLAY-ET-TRIVIA-TORONTO-HUB-DEV/APPLICATIONINSIGHTS' has shutdown.</Data><Data>Process Id: 6412.</Data><Data>File Version: 13.1.22321.32. Description: IIS ASP.NET Core Module V2 Request Handler. Commit: 3eeb12e106b9e913c3a4dec1a7d16da7b74149eb</Data></EventData></Event><Event><System><Provider Name="IIS AspNetCore Module V2"/><EventID>1032</EventID><Level>4</Level><Task>0</Task><Keywords>Keywords</Keywords><TimeCreated SystemTime="2025-09-21T17:34:41Z"/><EventRecordID>109137031</EventRecordID><Channel>Application</Channel><Computer>pd1sdwk001M6A</Computer><Security/></System><EventData><Data>Application 'C:\Program Files (x86)\SiteExtensions\ApplicationInsightsAgent\2.8.47\ExtensionManager\' started successfully.</Data><Data>Process Id: 7928.</Data><Data>File Version: 13.1.22321.32. Description: IIS ASP.NET Core Module V2 Request Handler. Commit: 3eeb12e106b9e913c3a4dec1a7d16da7b74149eb</Data></EventData></Event><Event><System><Provider Name="IIS AspNetCore Module V2"/><EventID>1033</EventID><Level>4</Level><Task>0</Task><Keywords>Keywords</Keywords><TimeCreated SystemTime="2025-09-21T17:35:35Z"/><EventRecordID>109191375</EventRecordID><Channel>Application</Channel><Computer>pd1sdwk001M6A</Computer><Security/></System><EventData><Data>Application 'MACHINE/WEBROOT/APPHOST/~1APP-PLAY-ET-TRIVIA-TORONTO-HUB-DEV/APPLICATIONINSIGHTS' has shutdown.</Data><Data>Process Id: 7928.</Data><Data>File Version: 13.1.22321.32. Description: IIS ASP.NET Core Module V2 Request Handler. Commit: 3eeb12e106b9e913c3a4dec1a7d16da7b74149eb</Data></EventData></Event><Event><System><Provider Name="IIS AspNetCore Module V2"/><EventID>1032</EventID><Level>4</Level><Task>0</Task><Keywords>Keywords</Keywords><TimeCreated SystemTime="2025-09-21T17:35:40Z"/><EventRecordID>109196156</EventRecordID><Channel>Application</Channel><Computer>pd1sdwk001M6A</Computer><Security/></System><EventData><Data>Application 'C:\Program Files (x86)\SiteExtensions\ApplicationInsightsAgent\2.8.47\ExtensionManager\' started successfully.</Data><Data>Process Id: 2704.</Data><Data>File Version: 13.1.22321.32. Description: IIS ASP.NET Core Module V2 Request Handler. Commit: 3eeb12e106b9e913c3a4dec1a7d16da7b74149eb</Data></EventData></Event><Event><System><Provider Name="IIS AspNetCore Module V2"/><EventID>1033</EventID><Level>4</Level><Task>0</Task><Keywords>Keywords</Keywords><TimeCreated SystemTime="2025-09-21T17:37:06Z"/><EventRecordID>109281609</EventRecordID><Channel>Application</Channel><Computer>pd1sdwk001M6A</Computer><Security/></System><EventData><Data>Application 'MACHINE/WEBROOT/APPHOST/~1APP-PLAY-ET-TRIVIA-TORONTO-HUB-DEV/APPLICATIONINSIGHTS' has shutdown.</Data><Data>Process Id: 2704.</Data><Data>File Version: 13.1.22321.32. Description: IIS ASP.NET Core Module V2 Request Handler. Commit: 3eeb12e106b9e913c3a4dec1a7d16da7b74149eb</Data></EventData></Event><Event><System><Provider Name="IIS AspNetCore Module V2"/><EventID>1032</EventID><Level>4</Level><Task>0</Task><Keywords>Keywords</Keywords><TimeCreated SystemTime="2025-09-21T17:37:11Z"/><EventRecordID>109286515</EventRecordID><Channel>Application</Channel><Computer>pd1sdwk001M6A</Computer><Security/></System><EventData><Data>Application 'C:\Program Files (x86)\SiteExtensions\ApplicationInsightsAgent\2.8.47\ExtensionManager\' started successfully.</Data><Data>Process Id: 4024.</Data><Data>File Version: 13.1.22321.32. Description: IIS ASP.NET Core Module V2 Request Handler. Commit: 3eeb12e106b9e913c3a4dec1a7d16da7b74149eb</Data></EventData></Event><Event><System><Provider Name="IIS AspNetCore Module V2"/><EventID>1033</EventID><Level>4</Level><Task>0</Task><Keywords>Keywords</Keywords><TimeCreated SystemTime="2025-09-21T17:37:37Z"/><EventRecordID>109312515</EventRecordID><Channel>Application</Channel><Computer>pd1sdwk001M6A</Computer><Security/></System><EventData><Data>Application 'MACHINE/WEBROOT/APPHOST/~1APP-PLAY-ET-TRIVIA-TORONTO-HUB-DEV/APPLICATIONINSIGHTS' has shutdown.</Data><Data>Process Id: 4024.</Data><Data>File Version: 13.1.22321.32. Description: IIS ASP.NET Core Module V2 Request Handler. Commit: 3eeb12e106b9e913c3a4dec1a7d16da7b74149eb</Data></EventData></Event><Event><System><Provider Name="IIS AspNetCore Module V2"/><EventID>1032</EventID><Level>4</Level><Task>0</Task><Keywords>Keywords</Keywords><TimeCreated SystemTime="2025-09-21T17:37:44Z"/><EventRecordID>109320250</EventRecordID><Channel>Application</Channel><Computer>pd1sdwk001M6A</Computer><Security/></System><EventData><Data>Application 'C:\Program Files (x86)\SiteExtensions\ApplicationInsightsAgent\2.8.47\ExtensionManager\' started successfully.</Data><Data>Process Id: 4564.</Data><Data>File Version: 13.1.22321.32. Description: IIS ASP.NET Core Module V2 Request Handler. Commit: 3eeb12e106b9e913c3a4dec1a7d16da7b74149eb</Data></EventData></Event><Event><System><Provider Name="IIS AspNetCore Module V2"/><EventID>1033</EventID><Level>4</Level><Task>0</Task><Keywords>Keywords</Keywords><TimeCreated SystemTime="2025-09-21T17:38:51Z"/><EventRecordID>109386984</EventRecordID><Channel>Application</Channel><Computer>pd1sdwk001M6A</Computer><Security/></System><EventData><Data>Application 'MACHINE/WEBROOT/APPHOST/~1APP-PLAY-ET-TRIVIA-TORONTO-HUB-DEV/APPLICATIONINSIGHTS' has shutdown.</Data><Data>Process Id: 4564.</Data><Data>File Version: 13.1.22321.32. Description: IIS ASP.NET Core Module V2 Request Handler. Commit: 3eeb12e106b9e913c3a4dec1a7d16da7b74149eb</Data></EventData></Event><Event><System><Provider Name="IIS AspNetCore Module V2"/><EventID>1032</EventID><Level>4</Level><Task>0</Task><Keywords>Keywords</Keywords><TimeCreated SystemTime="2025-09-21T17:38:56Z"/><EventRecordID>109391671</EventRecordID><Channel>Application</Channel><Computer>pd1sdwk001M6A</Computer><Security/></System><EventData><Data>Application 'C:\Program Files (x86)\SiteExtensions\ApplicationInsightsAgent\2.8.47\ExtensionManager\' started successfully.</Data><Data>Process Id: 6488.</Data><Data>File Version: 13.1.22321.32. Description: IIS ASP.NET Core Module V2 Request Handler. Commit: 3eeb12e106b9e913c3a4dec1a7d16da7b74149eb</Data></EventData></Event><Event><System><Provider Name="IIS AspNetCore Module V2"/><EventID>1033</EventID><Level>4</Level><Task>0</Task><Keywords>Keywords</Keywords><TimeCreated SystemTime="2025-09-21T17:40:17Z"/><EventRecordID>109472984</EventRecordID><Channel>Application</Channel><Computer>pd1sdwk001M6A</Computer><Security/></System><EventData><Data>Application 'MACHINE/WEBROOT/APPHOST/~1APP-PLAY-ET-TRIVIA-TORONTO-HUB-DEV/APPLICATIONINSIGHTS' has shutdown.</Data><Data>Process Id: 6488.</Data><Data>File Version: 13.1.22321.32. Description: IIS ASP.NET Core Module V2 Request Handler. Commit: 3eeb12e106b9e913c3a4dec1a7d16da7b74149eb</Data></EventData></Event><Event><System><Provider Name="IIS AspNetCore Module V2"/><EventID>1032</EventID><Level>4</Level><Task>0</Task><Keywords>Keywords</Keywords><TimeCreated SystemTime="2025-09-21T17:40:22Z"/><EventRecordID>109477468</EventRecordID><Channel>Application</Channel><Computer>pd1sdwk001M6A</Computer><Security/></System><EventData><Data>Application 'C:\Program Files (x86)\SiteExtensions\ApplicationInsightsAgent\2.8.47\ExtensionManager\' started successfully.</Data><Data>Process Id: 5144.</Data><Data>File Version: 13.1.22321.32. Description: IIS ASP.NET Core Module V2 Request Handler. Commit: 3eeb12e106b9e913c3a4dec1a7d16da7b74149eb</Data></EventData></Event><Event><System><Provider Name="IIS AspNetCore Module V2"/><EventID>1033</EventID><Level>4</Level><Task>0</Task><Keywords>Keywords</Keywords><TimeCreated SystemTime="2025-09-21T17:44:11Z"/><EventRecordID>109707187</EventRecordID><Channel>Application</Channel><Computer>pd1sdwk001M6A</Computer><Security/></System><EventData><Data>Application 'MACHINE/WEBROOT/APPHOST/~1APP-PLAY-ET-TRIVIA-TORONTO-HUB-DEV/APPLICATIONINSIGHTS' has shutdown.</Data><Data>Process Id: 5144.</Data><Data>File Version: 13.1.22321.32. Description: IIS ASP.NET Core Module V2 Request Handler. Commit: 3eeb12e106b9e913c3a4dec1a7d16da7b74149eb</Data></EventData></Event><Event><System><Provider Name="IIS AspNetCore Module V2"/><EventID>1032</EventID><Level>4</Level><Task>0</Task><Keywords>Keywords</Keywords><TimeCreated SystemTime="2025-09-21T17:44:16Z"/><EventRecordID>109711750</EventRecordID><Channel>Application</Channel><Computer>pd1sdwk001M6A</Computer><Security/></System><EventData><Data>Application 'C:\Program Files (x86)\SiteExtensions\ApplicationInsightsAgent\2.8.47\ExtensionManager\' started successfully.</Data><Data>Process Id: 7260.</Data><Data>File Version: 13.1.22321.32. Description: IIS ASP.NET Core Module V2 Request Handler. Commit: 3eeb12e106b9e913c3a4dec1a7d16da7b74149eb</Data></EventData></Event><Event><System><Provider Name="IIS AspNetCore Module V2"/><EventID>1033</EventID><Level>4</Level><Task>0</Task><Keywords>Keywords</Keywords><TimeCreated SystemTime="2025-09-21T17:54:15Z"/><EventRecordID>110310390</EventRecordID><Channel>Application</Channel><Computer>pd1sdwk001M6A</Computer><Security/></System><EventData><Data>Application 'MACHINE/WEBROOT/APPHOST/~1APP-PLAY-ET-TRIVIA-TORONTO-HUB-DEV/APPLICATIONINSIGHTS' has shutdown.</Data><Data>Process Id: 7260.</Data><Data>File Version: 13.1.22321.32. Description: IIS ASP.NET Core Module V2 Request Handler. Commit: 3eeb12e106b9e913c3a4dec1a7d16da7b74149eb</Data></EventData></Event><Event><System><Provider Name="IIS AspNetCore Module V2"/><EventID>1032</EventID><Level>4</Level><Task>0</Task><Keywords>Keywords</Keywords><TimeCreated SystemTime="2025-09-21T17:54:19Z"/><EventRecordID>110315250</EventRecordID><Channel>Application</Channel><Computer>pd1sdwk001M6A</Computer><Security/></System><EventData><Data>Application 'C:\Program Files (x86)\SiteExtensions\ApplicationInsightsAgent\2.8.47\ExtensionManager\' started successfully.</Data><Data>Process Id: 7944.</Data><Data>File Version: 13.1.22321.32. Description: IIS ASP.NET Core Module V2 Request Handler. Commit: 3eeb12e106b9e913c3a4dec1a7d16da7b74149eb</Data></EventData></Event><Event><System><Provider Name="IIS AspNetCore Module V2"/><EventID>1032</EventID><Level>4</Level><Task>0</Task><Keywords>Keywords</Keywords><TimeCreated SystemTime="2025-09-21T17:55:19Z"/><EventRecordID>110374781</EventRecordID><Channel>Application</Channel><Computer>pd1sdwk001M6A</Computer><Security/></System><EventData><Data>Application 'C:\Program Files (x86)\SiteExtensions\ApplicationInsightsAgent\2.8.47\ExtensionManager\' started successfully.</Data><Data>Process Id: 7752.</Data><Data>File Version: 13.1.22321.32. Description: IIS ASP.NET Core Module V2 Request Handler. Commit: 3eeb12e106b9e913c3a4dec1a7d16da7b74149eb</Data></EventData></Event><Event><System><Provider Name="IIS AspNetCore Module V2"/><EventID>1033</EventID><Level>4</Level><Task>0</Task><Keywords>Keywords</Keywords><TimeCreated SystemTime="2025-09-21T17:55:24Z"/><EventRecordID>110379671</EventRecordID><Channel>Application</Channel><Computer>pd1sdwk001M6A</Computer><Security/></System><EventData><Data>Application 'MACHINE/WEBROOT/APPHOST/~1APP-PLAY-ET-TRIVIA-TORONTO-HUB-DEV/APPLICATIONINSIGHTS' has shutdown.</Data><Data>Process Id: 7944.</Data><Data>File Version: 13.1.22321.32. Description: IIS ASP.NET Core Module V2 Request Handler. Commit: 3eeb12e106b9e913c3a4dec1a7d16da7b74149eb</Data></EventData></Event><Event><System><Provider Name="IIS AspNetCore Module V2"/><EventID>1033</EventID><Level>4</Level><Task>0</Task><Keywords>Keywords</Keywords><TimeCreated SystemTime="2025-09-21T17:56:37Z"/><EventRecordID>110452890</EventRecordID><Channel>Application</Channel><Computer>pd1sdwk001M6A</Computer><Security/></System><EventData><Data>Application 'MACHINE/WEBROOT/APPHOST/~1APP-PLAY-ET-TRIVIA-TORONTO-HUB-DEV/APPLICATIONINSIGHTS' has shutdown.</Data><Data>Process Id: 7752.</Data><Data>File Version: 13.1.22321.32. Description: IIS ASP.NET Core Module V2 Request Handler. Commit: 3eeb12e106b9e913c3a4dec1a7d16da7b74149eb</Data></EventData></Event><Event><System><Provider Name="IIS AspNetCore Module V2"/><EventID>1032</EventID><Level>4</Level><Task>0</Task><Keywords>Keywords</Keywords><TimeCreated SystemTime="2025-09-21T17:57:00Z"/><EventRecordID>110475765</EventRecordID><Channel>Application</Channel><Computer>pd1sdwk001M6A</Computer><Security/></System><EventData><Data>Application 'C:\Program Files (x86)\SiteExtensions\ApplicationInsightsAgent\2.8.47\ExtensionManager\' started successfully.</Data><Data>Process Id: 7568.</Data><Data>File Version: 13.1.22321.32. Description: IIS ASP.NET Core Module V2 Request Handler. Commit: 3eeb12e106b9e913c3a4dec1a7d16da7b74149eb</Data></EventData></Event><Event><System><Provider Name="IIS AspNetCore Module V2"/><EventID>1033</EventID><Level>4</Level><Task>0</Task><Keywords>Keywords</Keywords><TimeCreated SystemTime="2025-09-21T17:57:23Z"/><EventRecordID>110498484</EventRecordID><Channel>Application</Channel><Computer>pd1sdwk001M6A</Computer><Security/></System><EventData><Data>Application 'MACHINE/WEBROOT/APPHOST/~1APP-PLAY-ET-TRIVIA-TORONTO-HUB-DEV/APPLICATIONINSIGHTS' has shutdown.</Data><Data>Process Id: 7568.</Data><Data>File Version: 13.1.22321.32. Description: IIS ASP.NET Core Module V2 Request Handler. Commit: 3eeb12e106b9e913c3a4dec1a7d16da7b74149eb</Data></EventData></Event><Event><System><Provider Name="IIS AspNetCore Module V2"/><EventID>1032</EventID><Level>4</Level><Task>0</Task><Keywords>Keywords</Keywords><TimeCreated SystemTime="2025-09-21T17:57:28Z"/><EventRecordID>110503281</EventRecordID><Channel>Application</Channel><Computer>pd1sdwk001M6A</Computer><Security/></System><EventData><Data>Application 'C:\Program Files (x86)\SiteExtensions\ApplicationInsightsAgent\2.8.47\ExtensionManager\' started successfully.</Data><Data>Process Id: 6040.</Data><Data>File Version: 13.1.22321.32. Description: IIS ASP.NET Core Module V2 Request Handler. Commit: 3eeb12e106b9e913c3a4dec1a7d16da7b74149eb</Data></EventData></Event><Event><System><Provider Name="IIS AspNetCore Module V2"/><EventID>1032</EventID><Level>4</Level><Task>0</Task><Keywords>Keywords</Keywords><TimeCreated SystemTime="2025-09-21T17:57:40Z"/><EventRecordID>110515656</EventRecordID><Channel>Application</Channel><Computer>pd1sdwk001M6A</Computer><Security/></System><EventData><Data>Application 'C:\Program Files (x86)\SiteExtensions\ApplicationInsightsAgent\2.8.47\ExtensionManager\' started successfully.</Data><Data>Process Id: 6212.</Data><Data>File Version: 13.1.22321.32. Description: IIS ASP.NET Core Module V2 Request Handler. Commit: 3eeb12e106b9e913c3a4dec1a7d16da7b74149eb</Data></EventData></Event><Event><System><Provider Name="IIS AspNetCore Module V2"/><EventID>1033</EventID><Level>4</Level><Task>0</Task><Keywords>Keywords</Keywords><TimeCreated SystemTime="2025-09-21T17:57:43Z"/><EventRecordID>110519218</EventRecordID><Channel>Application</Channel><Computer>pd1sdwk001M6A</Computer><Security/></System><EventData><Data>Application 'MACHINE/WEBROOT/APPHOST/~1APP-PLAY-ET-TRIVIA-TORONTO-HUB-DEV/APPLICATIONINSIGHTS' has shutdown.</Data><Data>Process Id: 6040.</Data><Data>File Version: 13.1.22321.32. Description: IIS ASP.NET Core Module V2 Request Handler. Commit: 3eeb12e106b9e913c3a4dec1a7d16da7b74149eb</Data></EventData></Event><Event><System><Provider Name="IIS AspNetCore Module V2"/><EventID>1033</EventID><Level>4</Level><Task>0</Task><Keywords>Keywords</Keywords><TimeCreated SystemTime="2025-09-21T17:58:37Z"/><EventRecordID>110572906</EventRecordID><Channel>Application</Channel><Computer>pd1sdwk001M6A</Computer><Security/></System><EventData><Data>Application 'MACHINE/WEBROOT/APPHOST/~1APP-PLAY-ET-TRIVIA-TORONTO-HUB-DEV/APPLICATIONINSIGHTS' has shutdown.</Data><Data>Process Id: 6212.</Data><Data>File Version: 13.1.22321.32. Description: IIS ASP.NET Core Module V2 Request Handler. Commit: 3eeb12e106b9e913c3a4dec1a7d16da7b74149eb</Data></EventData></Event><Event><System><Provider Name="IIS AspNetCore Module V2"/><EventID>1032</EventID><Level>4</Level><Task>0</Task><Keywords>Keywords</Keywords><TimeCreated SystemTime="2025-09-21T17:58:47Z"/><EventRecordID>110582984</EventRecordID><Channel>Application</Channel><Computer>pd1sdwk001M6A</Computer><Security/></System><EventData><Data>Application 'C:\Program Files (x86)\SiteExtensions\ApplicationInsightsAgent\2.8.47\ExtensionManager\' started successfully.</Data><Data>Process Id: 724.</Data><Data>File Version: 13.1.22321.32. Description: IIS ASP.NET Core Module V2 Request Handler. Commit: 3eeb12e106b9e913c3a4dec1a7d16da7b74149eb</Data></EventData></Event><Event><System><Provider Name="IIS AspNetCore Module V2"/><EventID>1033</EventID><Level>4</Level><Task>0</Task><Keywords>Keywords</Keywords><TimeCreated SystemTime="2025-09-21T17:59:15Z"/><EventRecordID>110611125</EventRecordID><Channel>Application</Channel><Computer>pd1sdwk001M6A</Computer><Security/></System><EventData><Data>Application 'MACHINE/WEBROOT/APPHOST/~1APP-PLAY-ET-TRIVIA-TORONTO-HUB-DEV/APPLICATIONINSIGHTS' has shutdown.</Data><Data>Process Id: 724.</Data><Data>File Version: 13.1.22321.32. Description: IIS ASP.NET Core Module V2 Request Handler. Commit: 3eeb12e106b9e913c3a4dec1a7d16da7b74149eb</Data></EventData></Event><Event><System><Provider Name="IIS AspNetCore Module V2"/><EventID>1032</EventID><Level>4</Level><Task>0</Task><Keywords>Keywords</Keywords><TimeCreated SystemTime="2025-09-21T17:59:20Z"/><EventRecordID>110615734</EventRecordID><Channel>Application</Channel><Computer>pd1sdwk001M6A</Computer><Security/></System><EventData><Data>Application 'C:\Program Files (x86)\SiteExtensions\ApplicationInsightsAgent\2.8.47\ExtensionManager\' started successfully.</Data><Data>Process Id: 3336.</Data><Data>File Version: 13.1.22321.32. Description: IIS ASP.NET Core Module V2 Request Handler. Commit: 3eeb12e106b9e913c3a4dec1a7d16da7b74149eb</Data></EventData></Event><Event><System><Provider Name="IIS AspNetCore Module V2"/><EventID>1033</EventID><Level>4</Level><Task>0</Task><Keywords>Keywords</Keywords><TimeCreated SystemTime="2025-09-21T18:01:01Z"/><EventRecordID>110717078</EventRecordID><Channel>Application</Channel><Computer>pd1sdwk001M6A</Computer><Security/></System><EventData><Data>Application 'MACHINE/WEBROOT/APPHOST/~1APP-PLAY-ET-TRIVIA-TORONTO-HUB-DEV/APPLICATIONINSIGHTS' has shutdown.</Data><Data>Process Id: 3336.</Data><Data>File Version: 13.1.22321.32. Description: IIS ASP.NET Core Module V2 Request Handler. Commit: 3eeb12e106b9e913c3a4dec1a7d16da7b74149eb</Data></EventData></Event><Event><System><Provider Name="IIS AspNetCore Module V2"/><EventID>1032</EventID><Level>4</Level><Task>0</Task><Keywords>Keywords</Keywords><TimeCreated SystemTime="2025-09-21T18:01:07Z"/><EventRecordID>110722515</EventRecordID><Channel>Application</Channel><Computer>pd1sdwk001M6A</Computer><Security/></System><EventData><Data>Application 'C:\Program Files (x86)\SiteExtensions\ApplicationInsightsAgent\2.8.47\ExtensionManager\' started successfully.</Data><Data>Process Id: 7496.</Data><Data>File Version: 13.1.22321.32. Description: IIS ASP.NET Core Module V2 Request Handler. Commit: 3eeb12e106b9e913c3a4dec1a7d16da7b74149eb</Data></EventData></Event><Event><System><Provider Name="IIS AspNetCore Module V2"/><EventID>1033</EventID><Level>4</Level><Task>0</Task><Keywords>Keywords</Keywords><TimeCreated SystemTime="2025-09-21T18:15:07Z"/><EventRecordID>111563000</EventRecordID><Channel>Application</Channel><Computer>pd1sdwk001M6A</Computer><Security/></System><EventData><Data>Application 'MACHINE/WEBROOT/APPHOST/~1APP-PLAY-ET-TRIVIA-TORONTO-HUB-DEV/APPLICATIONINSIGHTS' has shutdown.</Data><Data>Process Id: 7496.</Data><Data>File Version: 13.1.22321.32. Description: IIS ASP.NET Core Module V2 Request Handler. Commit: 3eeb12e106b9e913c3a4dec1a7d16da7b74149eb</Data></EventData></Event></Events>